agent_scaffold,end_wall_time,final_success,final_success_source,finish_seconds,finish_step,has_real_wallclock,ledger_event_count,ledger_path,model_name,notes,run_id,source,start_wall_time,task_family,task_id,timeout
hermes_agent_reasoning,,,missing,,,False,4,/Users/grantwilkins/houdini/coding-progress-ledger/runs/hermes_pilot_h5_v2/hermes_pilot_h5_001/ledger.jsonl,glm-5.1,"unresolvable_label: run hermes_pilot_h5_v2/hermes_pilot_h5_001: upstream returned (None, 'unknown'); caller must skip per § 0.9",hermes_pilot_h5_001,hermes_pilot_h5_v2,,File Operations,02abbaec-87bc-4c76-966d-4f228025070e,False
hermes_agent_reasoning,,,missing,,,False,7,/Users/grantwilkins/houdini/coding-progress-ledger/runs/hermes_pilot_h5_v2/hermes_pilot_h5_002/ledger.jsonl,glm-5.1,"unresolvable_label: run hermes_pilot_h5_v2/hermes_pilot_h5_002: upstream returned (None, 'unknown'); caller must skip per § 0.9",hermes_pilot_h5_002,hermes_pilot_h5_v2,,Repository Tasks,00c29f00-ad8a-4643-a6f2-32f943dddc26,False
hermes_agent_reasoning,,,missing,,,False,25,/Users/grantwilkins/houdini/coding-progress-ledger/runs/hermes_pilot_h5_v2/hermes_pilot_h5_003/ledger.jsonl,kimi,"unresolvable_label: run hermes_pilot_h5_v2/hermes_pilot_h5_003: upstream returned (None, 'unknown'); caller must skip per § 0.9",hermes_pilot_h5_003,hermes_pilot_h5_v2,,Repository Tasks,010b5f5c-0db3-401f-975d-31bcbd5b232b,False
hermes_agent_reasoning,,,missing,,,False,13,/Users/grantwilkins/houdini/coding-progress-ledger/runs/hermes_pilot_h5_v2/hermes_pilot_h5_004/ledger.jsonl,glm-5.1,"unresolvable_label: run hermes_pilot_h5_v2/hermes_pilot_h5_004: upstream returned (None, 'unknown'); caller must skip per § 0.9",hermes_pilot_h5_004,hermes_pilot_h5_v2,,Terminal & Coding,0021c30b-2737-444a-abe3-31d160ea34b7,False
hermes_agent_reasoning,,,missing,,,False,15,/Users/grantwilkins/houdini/coding-progress-ledger/runs/hermes_pilot_h5_v2/hermes_pilot_h5_005/ledger.jsonl,kimi,"unresolvable_label: run hermes_pilot_h5_v2/hermes_pilot_h5_005: upstream returned (None, 'unknown'); caller must skip per § 0.9",hermes_pilot_h5_005,hermes_pilot_h5_v2,,Terminal & Coding,085c8288-b6d6-4e7f-a44f-c9d2b4dbc026,False
hermes_agent_reasoning,,,missing,,,False,4,/Users/grantwilkins/houdini/coding-progress-ledger/runs/hermes_pilot_h5_v2/hermes_pilot_h5_006/ledger.jsonl,glm-5.1,"unresolvable_label: run hermes_pilot_h5_v2/hermes_pilot_h5_006: upstream returned (None, 'unknown'); caller must skip per § 0.9",hermes_pilot_h5_006,hermes_pilot_h5_v2,,File Operations,07613caf-ec7d-4ab4-99df-ed8cbf7b71d1,False
hermes_agent_reasoning,,,missing,,,False,16,/Users/grantwilkins/houdini/coding-progress-ledger/runs/hermes_pilot_h5_v2/hermes_pilot_h5_007/ledger.jsonl,glm-5.1,"unresolvable_label: run hermes_pilot_h5_v2/hermes_pilot_h5_007: upstream returned (None, 'unknown'); caller must skip per § 0.9",hermes_pilot_h5_007,hermes_pilot_h5_v2,,Repository Tasks,341f7316-79f6-4a9f-b304-7d58a3b67c14,False
hermes_agent_reasoning,,,missing,,,False,42,/Users/grantwilkins/houdini/coding-progress-ledger/runs/hermes_pilot_h5_v2/hermes_pilot_h5_008/ledger.jsonl,kimi,"unresolvable_label: run hermes_pilot_h5_v2/hermes_pilot_h5_008: upstream returned (None, 'unknown'); caller must skip per § 0.9",hermes_pilot_h5_008,hermes_pilot_h5_v2,,Repository Tasks,013f3531-9d14-4ac5-b9b0-6a41e75e2b28,False
hermes_agent_reasoning,,,missing,,,False,22,/Users/grantwilkins/houdini/coding-progress-ledger/runs/hermes_pilot_h5_v2/hermes_pilot_h5_009/ledger.jsonl,glm-5.1,"unresolvable_label: run hermes_pilot_h5_v2/hermes_pilot_h5_009: upstream returned (None, 'unknown'); caller must skip per § 0.9",hermes_pilot_h5_009,hermes_pilot_h5_v2,,Terminal & Coding,0029ce7c-ca03-4d9d-a6d3-02645cae92ea,False
hermes_agent_reasoning,,,missing,,,False,21,/Users/grantwilkins/houdini/coding-progress-ledger/runs/hermes_pilot_h5_v2/hermes_pilot_h5_010/ledger.jsonl,kimi,"unresolvable_label: run hermes_pilot_h5_v2/hermes_pilot_h5_010: upstream returned (None, 'unknown'); caller must skip per § 0.9",hermes_pilot_h5_010,hermes_pilot_h5_v2,,Terminal & Coding,2b0993c4-8b6c-40cc-845d-bbc21b661594,False
hermes_agent_reasoning,,,missing,,,False,7,/Users/grantwilkins/houdini/coding-progress-ledger/runs/hermes_pilot_h5_v2/hermes_pilot_h5_011/ledger.jsonl,glm-5.1,"unresolvable_label: run hermes_pilot_h5_v2/hermes_pilot_h5_011: upstream returned (None, 'unknown'); caller must skip per § 0.9",hermes_pilot_h5_011,hermes_pilot_h5_v2,,File Operations,08bad693-4cd5-4a58-a76c-1dd5e41e3b5c,False
hermes_agent_reasoning,,,missing,,,False,16,/Users/grantwilkins/houdini/coding-progress-ledger/runs/hermes_pilot_h5_v2/hermes_pilot_h5_012/ledger.jsonl,glm-5.1,"unresolvable_label: run hermes_pilot_h5_v2/hermes_pilot_h5_012: upstream returned (None, 'unknown'); caller must skip per § 0.9",hermes_pilot_h5_012,hermes_pilot_h5_v2,,Repository Tasks,5627d1dd-36d6-4d74-8f95-8fb8ec8533f1,False
hermes_agent_reasoning,,,missing,,,False,35,/Users/grantwilkins/houdini/coding-progress-ledger/runs/hermes_pilot_h5_v2/hermes_pilot_h5_013/ledger.jsonl,kimi,"unresolvable_label: run hermes_pilot_h5_v2/hermes_pilot_h5_013: upstream returned (None, 'unknown'); caller must skip per § 0.9",hermes_pilot_h5_013,hermes_pilot_h5_v2,,Repository Tasks,013fc1a3-e3b2-4bfe-a07a-049ae6935a21,False
hermes_agent_reasoning,,,missing,,,False,12,/Users/grantwilkins/houdini/coding-progress-ledger/runs/hermes_pilot_h5_v2/hermes_pilot_h5_014/ledger.jsonl,glm-5.1,"unresolvable_label: run hermes_pilot_h5_v2/hermes_pilot_h5_014: upstream returned (None, 'unknown'); caller must skip per § 0.9",hermes_pilot_h5_014,hermes_pilot_h5_v2,,Terminal & Coding,0041fa73-d9ab-4d42-9ae9-66e1213056e2,False
hermes_agent_reasoning,,,missing,,,False,31,/Users/grantwilkins/houdini/coding-progress-ledger/runs/hermes_pilot_h5_v2/hermes_pilot_h5_015/ledger.jsonl,kimi,"unresolvable_label: run hermes_pilot_h5_v2/hermes_pilot_h5_015: upstream returned (None, 'unknown'); caller must skip per § 0.9",hermes_pilot_h5_015,hermes_pilot_h5_v2,,Terminal & Coding,3fc8e87a-e47d-47bb-8464-38ebc4623760,False
hermes_agent_reasoning,,,missing,,,False,4,/Users/grantwilkins/houdini/coding-progress-ledger/runs/hermes_pilot_h5_v2/hermes_pilot_h5_016/ledger.jsonl,glm-5.1,"unresolvable_label: run hermes_pilot_h5_v2/hermes_pilot_h5_016: upstream returned (None, 'unknown'); caller must skip per § 0.9",hermes_pilot_h5_016,hermes_pilot_h5_v2,,File Operations,0afe9819-193f-4344-af9e-3a5d1116b648,False
hermes_agent_reasoning,,,missing,,,False,16,/Users/grantwilkins/houdini/coding-progress-ledger/runs/hermes_pilot_h5_v2/hermes_pilot_h5_017/ledger.jsonl,glm-5.1,"unresolvable_label: run hermes_pilot_h5_v2/hermes_pilot_h5_017: upstream returned (None, 'unknown'); caller must skip per § 0.9",hermes_pilot_h5_017,hermes_pilot_h5_v2,,Repository Tasks,8d51922e-c9cb-416d-9813-792c939818a4,False
hermes_agent_reasoning,,,missing,,,False,23,/Users/grantwilkins/houdini/coding-progress-ledger/runs/hermes_pilot_h5_v2/hermes_pilot_h5_018/ledger.jsonl,kimi,"unresolvable_label: run hermes_pilot_h5_v2/hermes_pilot_h5_018: upstream returned (None, 'unknown'); caller must skip per § 0.9",hermes_pilot_h5_018,hermes_pilot_h5_v2,,Repository Tasks,014ef60d-a666-40db-af8b-a262bab7342a,False
hermes_agent_reasoning,,,missing,,,False,23,/Users/grantwilkins/houdini/coding-progress-ledger/runs/hermes_pilot_h5_v2/hermes_pilot_h5_019/ledger.jsonl,glm-5.1,"unresolvable_label: run hermes_pilot_h5_v2/hermes_pilot_h5_019: upstream returned (None, 'unknown'); caller must skip per § 0.9",hermes_pilot_h5_019,hermes_pilot_h5_v2,,Terminal & Coding,0082ecec-b6bf-4cc7-b748-5d8cc52aac53,False
hermes_agent_reasoning,,,missing,,,False,16,/Users/grantwilkins/houdini/coding-progress-ledger/runs/hermes_pilot_h5_v2/hermes_pilot_h5_020/ledger.jsonl,kimi,"unresolvable_label: run hermes_pilot_h5_v2/hermes_pilot_h5_020: upstream returned (None, 'unknown'); caller must skip per § 0.9",hermes_pilot_h5_020,hermes_pilot_h5_v2,,Terminal & Coding,c396bc84-72bd-4954-bdb5-f1671870e065,False
hermes_agent_reasoning,,,missing,,,False,4,/Users/grantwilkins/houdini/coding-progress-ledger/runs/hermes_pilot_h5_v2/hermes_pilot_h5_021/ledger.jsonl,glm-5.1,"unresolvable_label: run hermes_pilot_h5_v2/hermes_pilot_h5_021: upstream returned (None, 'unknown'); caller must skip per § 0.9",hermes_pilot_h5_021,hermes_pilot_h5_v2,,File Operations,0c5f862a-7601-4b73-83c1-06c617f20ec6,False
hermes_agent_reasoning,,,missing,,,False,13,/Users/grantwilkins/houdini/coding-progress-ledger/runs/hermes_pilot_h5_v2/hermes_pilot_h5_022/ledger.jsonl,glm-5.1,"unresolvable_label: run hermes_pilot_h5_v2/hermes_pilot_h5_022: upstream returned (None, 'unknown'); caller must skip per § 0.9",hermes_pilot_h5_022,hermes_pilot_h5_v2,,Repository Tasks,9019ee73-4421-4e5b-bfab-1cb1545ee674,False
hermes_agent_reasoning,,,missing,,,False,33,/Users/grantwilkins/houdini/coding-progress-ledger/runs/hermes_pilot_h5_v2/hermes_pilot_h5_023/ledger.jsonl,kimi,"unresolvable_label: run hermes_pilot_h5_v2/hermes_pilot_h5_023: upstream returned (None, 'unknown'); caller must skip per § 0.9",hermes_pilot_h5_023,hermes_pilot_h5_v2,,Repository Tasks,01532f99-2a3d-4b64-b75f-aebc78a8b083,False
hermes_agent_reasoning,,,missing,,,False,17,/Users/grantwilkins/houdini/coding-progress-ledger/runs/hermes_pilot_h5_v2/hermes_pilot_h5_024/ledger.jsonl,glm-5.1,"unresolvable_label: run hermes_pilot_h5_v2/hermes_pilot_h5_024: upstream returned (None, 'unknown'); caller must skip per § 0.9",hermes_pilot_h5_024,hermes_pilot_h5_v2,,Terminal & Coding,00d5e7d7-4ebd-42a7-84f4-7b27924b6624,False
hermes_agent_reasoning,,,missing,,,False,16,/Users/grantwilkins/houdini/coding-progress-ledger/runs/hermes_pilot_h5_v2/hermes_pilot_h5_025/ledger.jsonl,kimi,"unresolvable_label: run hermes_pilot_h5_v2/hermes_pilot_h5_025: upstream returned (None, 'unknown'); caller must skip per § 0.9",hermes_pilot_h5_025,hermes_pilot_h5_v2,,Terminal & Coding,e0eb78d1-c0c6-434a-a141-7fdd2ffe1ed4,False
hermes_agent_reasoning,,,missing,,,False,4,/Users/grantwilkins/houdini/coding-progress-ledger/runs/hermes_pilot_h5_v2/hermes_pilot_h5_026/ledger.jsonl,glm-5.1,"unresolvable_label: run hermes_pilot_h5_v2/hermes_pilot_h5_026: upstream returned (None, 'unknown'); caller must skip per § 0.9",hermes_pilot_h5_026,hermes_pilot_h5_v2,,File Operations,0c8ca6bc-f184-40c8-9b27-5dd06c450d7b,False
hermes_agent_reasoning,,,missing,,,False,13,/Users/grantwilkins/houdini/coding-progress-ledger/runs/hermes_pilot_h5_v2/hermes_pilot_h5_027/ledger.jsonl,glm-5.1,"unresolvable_label: run hermes_pilot_h5_v2/hermes_pilot_h5_027: upstream returned (None, 'unknown'); caller must skip per § 0.9",hermes_pilot_h5_027,hermes_pilot_h5_v2,,Repository Tasks,94830f2d-d441-404f-bdd8-585102d8fd01,False
hermes_agent_reasoning,,,missing,,,False,28,/Users/grantwilkins/houdini/coding-progress-ledger/runs/hermes_pilot_h5_v2/hermes_pilot_h5_028/ledger.jsonl,kimi,"unresolvable_label: run hermes_pilot_h5_v2/hermes_pilot_h5_028: upstream returned (None, 'unknown'); caller must skip per § 0.9",hermes_pilot_h5_028,hermes_pilot_h5_v2,,Repository Tasks,0153dc97-dd82-45f8-85fd-62beaf28c8be,False
hermes_agent_reasoning,,,missing,,,False,16,/Users/grantwilkins/houdini/coding-progress-ledger/runs/hermes_pilot_h5_v2/hermes_pilot_h5_029/ledger.jsonl,glm-5.1,"unresolvable_label: run hermes_pilot_h5_v2/hermes_pilot_h5_029: upstream returned (None, 'unknown'); caller must skip per § 0.9",hermes_pilot_h5_029,hermes_pilot_h5_v2,,Terminal & Coding,00e05d6e-ebbc-4d48-ac02-414bc39e658e,False
hermes_agent_reasoning,,,missing,,,False,22,/Users/grantwilkins/houdini/coding-progress-ledger/runs/hermes_pilot_h5_v2/hermes_pilot_h5_030/ledger.jsonl,kimi,"unresolvable_label: run hermes_pilot_h5_v2/hermes_pilot_h5_030: upstream returned (None, 'unknown'); caller must skip per § 0.9",hermes_pilot_h5_030,hermes_pilot_h5_v2,,Terminal & Coding,ff2c4c0e-a0de-4103-8088-a5a0be1cd988,False
,,,missing,,,False,0,,,malformed_run: FileNotFoundError: ledger.jsonl missing: /Users/grantwilkins/houdini/coding-progress-ledger/runs/swe_agent_pilot/plots/ledger.jsonl,plots,swe_agent_pilot,,,,False
swe_agent,,False,swe_agent_target,,16.0,False,8,/Users/grantwilkins/houdini/coding-progress-ledger/runs/swe_agent_pilot/swe_agent_pilot_f_01/ledger.jsonl,swe-agent-llama-70b,,swe_agent_pilot_f_01,swe_agent_pilot,,,WIPACrepo__iceprod-339,False
swe_agent,,False,swe_agent_target,,17.0,False,5,/Users/grantwilkins/houdini/coding-progress-ledger/runs/swe_agent_pilot/swe_agent_pilot_f_02/ledger.jsonl,swe-agent-llama-70b,,swe_agent_pilot_f_02,swe_agent_pilot,,,asottile__pyupgrade-933,False
swe_agent,,False,swe_agent_target,,22.0,False,5,/Users/grantwilkins/houdini/coding-progress-ledger/runs/swe_agent_pilot/swe_agent_pilot_f_03/ledger.jsonl,swe-agent-llama-70b,,swe_agent_pilot_f_03,swe_agent_pilot,,,asottile__setup-cfg-fmt-132,False
swe_agent,,False,swe_agent_target,,18.0,False,8,/Users/grantwilkins/houdini/coding-progress-ledger/runs/swe_agent_pilot/swe_agent_pilot_f_04/ledger.jsonl,swe-agent-llama-70b,,swe_agent_pilot_f_04,swe_agent_pilot,,,dfm__emcee-510,False
swe_agent,,False,swe_agent_target,,32.0,False,11,/Users/grantwilkins/houdini/coding-progress-ledger/runs/swe_agent_pilot/swe_agent_pilot_f_05/ledger.jsonl,swe-agent-llama-70b,,swe_agent_pilot_f_05,swe_agent_pilot,,,fairlearn__fairlearn-967,False
swe_agent,,False,swe_agent_target,,32.0,False,11,/Users/grantwilkins/houdini/coding-progress-ledger/runs/swe_agent_pilot/swe_agent_pilot_f_06/ledger.jsonl,swe-agent-llama-70b,,swe_agent_pilot_f_06,swe_agent_pilot,,,googleapis__python-spanner-317,False
swe_agent,,False,swe_agent_target,,40.0,False,7,/Users/grantwilkins/houdini/coding-progress-ledger/runs/swe_agent_pilot/swe_agent_pilot_f_07/ledger.jsonl,swe-agent-llama-70b,,swe_agent_pilot_f_07,swe_agent_pilot,,,openstack-charmers__zaza-36,False
swe_agent,,False,swe_agent_target,,64.0,False,15,/Users/grantwilkins/houdini/coding-progress-ledger/runs/swe_agent_pilot/swe_agent_pilot_f_08/ledger.jsonl,swe-agent-llama-70b,,swe_agent_pilot_f_08,swe_agent_pilot,,,pydantic__pydantic-740,False
swe_agent,,False,swe_agent_target,,40.0,False,14,/Users/grantwilkins/houdini/coding-progress-ledger/runs/swe_agent_pilot/swe_agent_pilot_f_09/ledger.jsonl,swe-agent-llama-70b,,swe_agent_pilot_f_09,swe_agent_pilot,,,python-cmd2__cmd2-681,False
swe_agent,,False,swe_agent_target,,28.0,False,7,/Users/grantwilkins/houdini/coding-progress-ledger/runs/swe_agent_pilot/swe_agent_pilot_f_10/ledger.jsonl,swe-agent-llama-70b,,swe_agent_pilot_f_10,swe_agent_pilot,,,walles__px-50,False
swe_agent,,True,swe_agent_target,,42.0,False,13,/Users/grantwilkins/houdini/coding-progress-ledger/runs/swe_agent_pilot/swe_agent_pilot_s_01/ledger.jsonl,swe-agent-llama-70b,,swe_agent_pilot_s_01,swe_agent_pilot,,,Melevir__cognitive_complexity-15,False
swe_agent,,True,swe_agent_target,,26.0,False,11,/Users/grantwilkins/houdini/coding-progress-ledger/runs/swe_agent_pilot/swe_agent_pilot_s_02/ledger.jsonl,swe-agent-llama-70b,,swe_agent_pilot_s_02,swe_agent_pilot,,,geomet__geomet-101,False
swe_agent,,True,swe_agent_target,,36.0,False,15,/Users/grantwilkins/houdini/coding-progress-ledger/runs/swe_agent_pilot/swe_agent_pilot_s_03/ledger.jsonl,swe-agent-llama-70b,,swe_agent_pilot_s_03,swe_agent_pilot,,,hsahovic__poke-env-68,False
swe_agent,,True,swe_agent_target,,16.0,False,8,/Users/grantwilkins/houdini/coding-progress-ledger/runs/swe_agent_pilot/swe_agent_pilot_s_04/ledger.jsonl,swe-agent-llama-70b,,swe_agent_pilot_s_04,swe_agent_pilot,,,joke2k__django-environ-174,False
swe_agent,,True,swe_agent_target,,32.0,False,13,/Users/grantwilkins/houdini/coding-progress-ledger/runs/swe_agent_pilot/swe_agent_pilot_s_05/ledger.jsonl,swe-agent-llama-70b,,swe_agent_pilot_s_05,swe_agent_pilot,,,lidatong__dataclasses-json-394,False
swe_agent,,True,swe_agent_target,,28.0,False,11,/Users/grantwilkins/houdini/coding-progress-ledger/runs/swe_agent_pilot/swe_agent_pilot_s_06/ledger.jsonl,swe-agent-llama-70b,,swe_agent_pilot_s_06,swe_agent_pilot,,,mahmoud__boltons-298,False
swe_agent,,True,swe_agent_target,,22.0,False,11,/Users/grantwilkins/houdini/coding-progress-ledger/runs/swe_agent_pilot/swe_agent_pilot_s_07/ledger.jsonl,swe-agent-llama-70b,,swe_agent_pilot_s_07,swe_agent_pilot,,,mc706__changelog-cli-34,False
swe_agent,,True,swe_agent_target,,28.0,False,9,/Users/grantwilkins/houdini/coding-progress-ledger/runs/swe_agent_pilot/swe_agent_pilot_s_08/ledger.jsonl,swe-agent-llama-70b,,swe_agent_pilot_s_08,swe_agent_pilot,,,oasis-open__cti-taxii-client-11,False
swe_agent,,True,swe_agent_target,,18.0,False,9,/Users/grantwilkins/houdini/coding-progress-ledger/runs/swe_agent_pilot/swe_agent_pilot_s_09/ledger.jsonl,swe-agent-llama-70b,,swe_agent_pilot_s_09,swe_agent_pilot,,,omni-us__jsonargparse-370,False
swe_agent,,True,swe_agent_target,,22.0,False,11,/Users/grantwilkins/houdini/coding-progress-ledger/runs/swe_agent_pilot/swe_agent_pilot_s_10/ledger.jsonl,swe-agent-llama-70b,,swe_agent_pilot_s_10,swe_agent_pilot,,,planetlabs__planet-client-python-389,False
ledger_progress.sidecar,2026-05-04T07:55:34.066825+00:00,True,verifier_exit,80.413111,6.0,True,16,/Users/grantwilkins/houdini/coding-progress-ledger/runs/tb_live/b-tree-on-disk/ledger.jsonl,,,b-tree-on-disk,tb_live,2026-05-04T07:54:13.653714+00:00,,b-tree-on-disk,False
ledger_progress.sidecar,2026-05-04T07:53:12.238581+00:00,True,verifier_exit,103.854406,6.0,True,13,/Users/grantwilkins/houdini/coding-progress-ledger/runs/tb_live/csv-streaming-dedup/ledger.jsonl,,,csv-streaming-dedup,tb_live,2026-05-04T07:51:28.384175+00:00,,csv-streaming-dedup,False
ledger_progress.sidecar,2026-05-04T07:54:55.174510+00:00,True,verifier_exit,94.35152,5.0,True,10,/Users/grantwilkins/houdini/coding-progress-ledger/runs/tb_live/decouple-state-from-controller/ledger.jsonl,,,decouple-state-from-controller,tb_live,2026-05-04T07:53:20.822990+00:00,,decouple-state-from-controller,False
ledger_progress.sidecar,2026-05-04T07:55:02.843460+00:00,True,verifier_exit,59.192118,6.0,True,10,/Users/grantwilkins/houdini/coding-progress-ledger/runs/tb_live/directory-watcher-log-rotator/ledger.jsonl,,,directory-watcher-log-rotator,tb_live,2026-05-04T07:54:03.651342+00:00,,directory-watcher-log-rotator,False
ledger_progress.sidecar,2026-05-04T07:52:54.439151+00:00,True,verifier_exit,47.335032,5.0,True,13,/Users/grantwilkins/houdini/coding-progress-ledger/runs/tb_live/fix-broken-pyproject-build/ledger.jsonl,,,fix-broken-pyproject-build,tb_live,2026-05-04T07:52:07.104119+00:00,,fix-broken-pyproject-build,False
ledger_progress.sidecar,2026-05-04T07:54:41.270890+00:00,True,verifier_exit,60.681417,7.0,True,13,/Users/grantwilkins/houdini/coding-progress-ledger/runs/tb_live/graph-tarjan-scc/ledger.jsonl,,,graph-tarjan-scc,tb_live,2026-05-04T07:53:40.589473+00:00,,graph-tarjan-scc,False
ledger_progress.sidecar,2026-05-04T07:53:28.702802+00:00,True,verifier_exit,93.845976,6.0,True,13,/Users/grantwilkins/houdini/coding-progress-ledger/runs/tb_live/lru-cache-threadsafe/ledger.jsonl,,,lru-cache-threadsafe,tb_live,2026-05-04T07:51:54.856826+00:00,,lru-cache-threadsafe,False
ledger_progress.sidecar,2026-05-04T07:39:21.754205+00:00,True,verifier_exit,88.449656,5.0,True,13,/Users/grantwilkins/houdini/coding-progress-ledger/runs/tb_live/markdown-to-html-cli/ledger.jsonl,,,markdown-to-html-cli,tb_live,2026-05-04T07:37:53.304549+00:00,,markdown-to-html-cli,False
ledger_progress.sidecar,2026-05-04T07:56:14.492235+00:00,True,verifier_exit,105.888844,8.0,True,19,/Users/grantwilkins/houdini/coding-progress-ledger/runs/tb_live/recover-corrupted-sqlite/ledger.jsonl,,,recover-corrupted-sqlite,tb_live,2026-05-04T07:54:28.603391+00:00,,recover-corrupted-sqlite,False
ledger_progress.sidecar,2026-05-04T07:54:26.558449+00:00,True,verifier_exit,57.552685,4.0,True,10,/Users/grantwilkins/houdini/coding-progress-ledger/runs/tb_live/sliding-window-rate-limiter/ledger.jsonl,,,sliding-window-rate-limiter,tb_live,2026-05-04T07:53:29.005764+00:00,,sliding-window-rate-limiter,False
ledger_progress.sidecar,2026-05-04T07:53:50.663575+00:00,True,verifier_exit,126.098002,9.0,True,16,/Users/grantwilkins/houdini/coding-progress-ledger/runs/tb_live/tar-extract-with-traversal-guard/ledger.jsonl,,,tar-extract-with-traversal-guard,tb_live,2026-05-04T07:51:44.565573+00:00,,tar-extract-with-traversal-guard,False
ledger_progress.sidecar,2026-05-04T07:55:36.446797+00:00,True,verifier_exit,104.448098,4.0,True,11,/Users/grantwilkins/houdini/coding-progress-ledger/runs/tb_live/xss-filter-bypass-then-fix/ledger.jsonl,,,xss-filter-bypass-then-fix,tb_live,2026-05-04T07:53:51.998699+00:00,,xss-filter-bypass-then-fix,False
