trace_key,source,length_tercile,step,current_total,final_total,rho_actual,rho_p10,rho_p50,rho_p90,p10_final_total,p50_final_total,p90_final_total
swe-agent:024736:macbre__sql-metadata-316,swe-agent,long,1,0,4,0.0,0.0,0.0,0.0,2.9999999995275766,7.000000000000009,23.361947371303465
swe-agent:024736:macbre__sql-metadata-316,swe-agent,long,2,0,4,0.0,0.0,0.0,0.0,2.9999999995275766,7.000000000000009,23.361947371303465
swe-agent:024736:macbre__sql-metadata-316,swe-agent,long,3,1,4,0.25,0.05297724045600589,0.20000000000000034,0.45925805551424503,2.1774250619954176,4.999999999999991,18.8760303744102
swe-agent:024736:macbre__sql-metadata-316,swe-agent,long,4,1,4,0.25,0.05297724045600589,0.20000000000000034,0.45925805551424503,2.1774250619954176,4.999999999999991,18.8760303744102
swe-agent:024736:macbre__sql-metadata-316,swe-agent,long,5,1,4,0.25,0.05297724045600589,0.20000000000000034,0.46676303413300707,2.1424147305440724,4.999999999999991,18.8760303744102
swe-agent:024736:macbre__sql-metadata-316,swe-agent,long,6,1,4,0.25,0.05297724045600589,0.20000000000000034,0.46676303413300707,2.1424147305440724,4.999999999999991,18.8760303744102
swe-agent:024736:macbre__sql-metadata-316,swe-agent,long,7,1,4,0.25,0.05221651580857696,0.2000503352915765,0.544464431354845,1.8366672686250605,4.998741934336097,19.151028836660572
swe-agent:024736:macbre__sql-metadata-316,swe-agent,long,8,1,4,0.25,0.05221651580857696,0.2000503352915765,0.544464431354845,1.8366672686250605,4.998741934336097,19.151028836660572
swe-agent:024736:macbre__sql-metadata-316,swe-agent,long,9,1,4,0.25,0.05465411162958303,0.21117087091228282,0.5525821248702228,1.8096857552800063,4.735501613834726,18.296885086660573
swe-agent:024736:macbre__sql-metadata-316,swe-agent,long,10,1,4,0.25,0.05465411162958303,0.21117087091228282,0.5525821248702228,1.8096857552800063,4.735501613834726,18.296885086660573
swe-agent:024736:macbre__sql-metadata-316,swe-agent,long,11,1,4,0.25,0.05662669939083224,0.2472072700222142,0.6596983878497323,1.5158442379395087,4.0451884764964205,17.65951416483049
swe-agent:024736:macbre__sql-metadata-316,swe-agent,long,12,1,4,0.25,0.05662669939083224,0.2472072700222142,0.6596983878497323,1.5158442379395087,4.0451884764964205,17.65951416483049
swe-agent:024736:macbre__sql-metadata-316,swe-agent,long,13,1,4,0.25,0.058109877800077876,0.254912440470982,0.6715531159211536,1.4890854889837322,3.9229156417488973,17.208778229415927
swe-agent:024736:macbre__sql-metadata-316,swe-agent,long,14,1,4,0.25,0.058109877800077876,0.254912440470982,0.6715531159211536,1.4890854889837322,3.9229156417488973,17.208778229415927
swe-agent:024736:macbre__sql-metadata-316,swe-agent,long,15,1,4,0.25,0.06011166836864407,0.2705272986150094,0.781331977371309,1.279865702366837,3.696484625099191,16.63570529880066
swe-agent:024736:macbre__sql-metadata-316,swe-agent,long,16,1,4,0.25,0.06011166836864407,0.2705272986150094,0.781331977371309,1.279865702366837,3.696484625099191,16.63570529880066
swe-agent:024736:macbre__sql-metadata-316,swe-agent,long,17,1,4,0.25,0.06188669210994504,0.28843011959690945,0.8509329732907485,1.175180691532937,3.4670442927303595,16.15856278476552
swe-agent:024736:macbre__sql-metadata-316,swe-agent,long,18,1,4,0.25,0.06188669210994504,0.28843011959690945,0.8509329732907485,1.175180691532937,3.4670442927303595,16.15856278476552
swe-agent:024736:macbre__sql-metadata-316,swe-agent,long,19,1,4,0.25,0.0677215269848601,0.3333333333333328,1.0,1.0,3.0000000000000044,14.766353396366284
swe-agent:024736:macbre__sql-metadata-316,swe-agent,long,20,1,4,0.25,0.0677215269848601,0.3333333333333328,1.0,1.0,3.0000000000000044,14.766353396366284
swe-agent:024736:macbre__sql-metadata-316,swe-agent,long,21,2,4,0.5,0.09954447138677797,0.37740583492469587,0.7681136837831408,2.6037812399715743,5.299335131898694,20.09152263443182
swe-agent:024736:macbre__sql-metadata-316,swe-agent,long,22,2,4,0.5,0.09954447138677797,0.37740583492469587,0.7681136837831408,2.6037812399715743,5.299335131898694,20.09152263443182
swe-agent:024736:macbre__sql-metadata-316,swe-agent,long,23,2,4,0.5,0.09885337333387877,0.3666280505193182,0.7599678093019867,2.631690415725575,5.455119970136101,20.23198533898251
swe-agent:024736:macbre__sql-metadata-316,swe-agent,long,24,2,4,0.5,0.09885337333387877,0.3666280505193182,0.7599678093019867,2.631690415725575,5.455119970136101,20.23198533898251
swe-agent:024736:macbre__sql-metadata-316,swe-agent,long,25,3,4,0.75,0.15402411529841467,0.47612303701828085,0.7861485581714978,3.81607263514888,6.300892346624291,19.47746944812919
swe-agent:024736:macbre__sql-metadata-316,swe-agent,long,26,3,4,0.75,0.15402411529841467,0.4724674128170614,0.7861485581714978,3.81607263514888,6.3496442688240915,19.47746944812919
swe-agent:024736:macbre__sql-metadata-316,swe-agent,long,27,4,4,1.0,0.18356319490380332,0.5015595323447027,0.8073547899326188,4.954451314190924,7.975125069003678,21.790860646635664
swe-agent:024736:macbre__sql-metadata-316,swe-agent,long,28,4,4,1.0,0.18356319490380332,0.5015595323447027,0.8072498693176597,4.95509525864781,7.975125069003678,21.790860646635664
swe-agent:024736:macbre__sql-metadata-316,swe-agent,long,29,4,4,1.0,0.1737796073545388,0.4960267690848991,0.8801987915796116,4.544427961349014,8.06408091115616,23.017660477499795
swe-agent:024736:macbre__sql-metadata-316,swe-agent,long,30,4,4,1.0,0.1746128193726164,0.4960267690848991,0.8801987915796116,4.544427961349014,8.06408091115616,22.90782552147084
swe-agent:024736:macbre__sql-metadata-316,swe-agent,long,31,4,4,1.0,0.1765353077919703,0.5086919415081989,1.0,4.0,7.863305221900257,22.658356846742585
swe-agent:024736:macbre__sql-metadata-316,swe-agent,long,32,4,4,1.0,0.22117486609375764,0.5240891953349865,1.0,4.0,7.632288617290204,18.085237579863033
swe-agent:024736:macbre__sql-metadata-316,swe-agent,long,33,4,4,1.0,0.22930776566323674,0.573163298972916,1.0,4.0,6.978813903764998,17.44380522147005
swe-agent:024736:macbre__sql-metadata-316,swe-agent,long,34,4,4,1.0,0.23701670961513102,0.573163298972916,1.0,4.0,6.978813903764998,16.876447261862765
swe-agent:024736:macbre__sql-metadata-316,swe-agent,long,35,4,4,1.0,0.2359591757230203,0.6290994495497474,1.0,4.0,6.358295183476697,16.952084985647616
swe-agent:024736:macbre__sql-metadata-316,swe-agent,long,36,4,4,1.0,0.24412979194848833,0.6290994495497474,1.0,4.0,6.358295183476697,16.38472702604033
swe-agent:024736:macbre__sql-metadata-316,swe-agent,long,37,4,4,1.0,0.5002898233127145,0.9729498435987354,1.0,4.0,4.1112088421792095,7.995365513361109
swe-agent:024736:macbre__sql-metadata-316,swe-agent,long,38,4,4,1.0,0.5002898233127145,0.9704750597135372,1.0,4.0,4.121692731785103,7.995365513361109
swe-agent:024736:macbre__sql-metadata-316,swe-agent,long,39,4,4,1.0,0.5957856952220105,1.0,1.0,4.0,4.0,6.713823497406161
swe-agent:024736:macbre__sql-metadata-316,swe-agent,long,40,4,4,1.0,0.5957856952220105,1.0,1.0,4.0,4.0,6.713823497406161
swe-agent:024736:macbre__sql-metadata-316,swe-agent,long,41,4,4,1.0,0.6399154814933952,1.0,1.0,4.0,4.0,6.250825485054757
swe-agent:024736:macbre__sql-metadata-316,swe-agent,long,42,4,4,1.0,0.6418300738886294,1.0,1.0,4.0,4.0,6.232179143251055
swe-agent:024736:macbre__sql-metadata-316,swe-agent,long,43,4,4,1.0,0.892355864789438,1.0,1.0,4.0,4.0,4.482516625745322
swe-agent:024736:macbre__sql-metadata-316,swe-agent,long,44,4,4,1.0,0.892355864789438,1.0,1.0,4.0,4.0,4.482516625745322
swe-agent:024736:macbre__sql-metadata-316,swe-agent,long,45,4,4,1.0,0.8531490369628214,1.0,1.0,4.0,4.0,4.688512588890506
swe-agent:024736:macbre__sql-metadata-316,swe-agent,long,46,4,4,1.0,0.8531490369628214,1.0,1.0,4.0,4.0,4.688512588890506
swe-agent:024736:macbre__sql-metadata-316,swe-agent,long,47,4,4,1.0,0.8383241047993711,1.0,1.0,4.0,4.0,4.7714242941365566
swe-agent:024736:macbre__sql-metadata-316,swe-agent,long,48,4,4,1.0,0.8383241047993711,1.0,1.0,4.0,4.0,4.7714242941365566
swe-agent:024736:macbre__sql-metadata-316,swe-agent,long,49,4,4,1.0,0.7749497249557764,1.0,1.0,4.0,4.0,5.161625162494594
swe-agent:024736:macbre__sql-metadata-316,swe-agent,long,50,4,4,1.0,0.7762711263609093,1.0,1.0,4.0,4.0,5.152838826753286
swe-agent:024736:macbre__sql-metadata-316,swe-agent,long,51,4,4,1.0,0.8189610968172717,1.0,1.0,4.0,4.0,4.884236889328686
swe-agent:024736:macbre__sql-metadata-316,swe-agent,long,52,4,4,1.0,0.8189610968172717,1.0,1.0,4.0,4.0,4.884236889328686
swe-agent:024736:macbre__sql-metadata-316,swe-agent,long,53,4,4,1.0,0.961561180379292,0.9775139825694369,1.0,4.0,4.092013077384152,4.1599017115293515
swe-agent:024736:macbre__sql-metadata-316,swe-agent,long,54,4,4,1.0,0.9643420278138976,0.9775139825694369,1.0,4.0,4.092013077384152,4.147905913701332
swe-agent:024736:macbre__sql-metadata-316,swe-agent,long,55,4,4,1.0,0.8829899502986052,0.980433457872052,1.0,4.0,4.079828128960084,4.530062883102237
swe-agent:024736:macbre__sql-metadata-316,swe-agent,long,56,4,4,1.0,0.8829899502986052,0.980433457872052,1.0,4.0,4.079828128960084,4.530062883102237
swe-agent:024736:macbre__sql-metadata-316,swe-agent,long,57,4,4,1.0,0.9414446722732924,0.9860186561224106,1.0,4.0,4.056718374609957,4.248789246787344
swe-agent:024736:macbre__sql-metadata-316,swe-agent,long,58,4,4,1.0,0.9414446722732924,0.9860186561224106,1.0,4.0,4.056718374609957,4.248789246787344
swe-agent:024736:macbre__sql-metadata-316,swe-agent,long,59,4,4,1.0,0.9371332178456937,0.9940595071146867,1.0,4.0,4.023903972922329,4.268336586334336
swe-agent:024736:macbre__sql-metadata-316,swe-agent,long,60,4,4,1.0,0.9371332178456937,0.9940595071146867,1.0,4.0,4.023903972922329,4.268336586334336
swe-agent:024736:macbre__sql-metadata-316,swe-agent,long,61,4,4,1.0,0.9826066597514876,1.0,1.0,4.0,4.0,4.07080489461739
swe-agent:024736:macbre__sql-metadata-316,swe-agent,long,62,4,4,1.0,0.9826066597514876,1.0,1.0,4.0,4.0,4.07080489461739
swe-agent:024736:macbre__sql-metadata-316,swe-agent,long,63,4,4,1.0,0.9460414889893353,1.0,1.0,4.0,4.0,4.228144374802459
swe-agent:024736:macbre__sql-metadata-316,swe-agent,long,64,4,4,1.0,0.9460414889893353,1.0,1.0,4.0,4.0,4.228144374802459
swe-agent:024736:macbre__sql-metadata-316,swe-agent,long,65,4,4,1.0,0.9140961968214257,1.0,1.0,4.0,4.0,4.375907058698139
swe-agent:024736:macbre__sql-metadata-316,swe-agent,long,66,4,4,1.0,0.9110520914887267,1.0,1.0,4.0,4.0,4.3905283104764115
swe-agent:024736:macbre__sql-metadata-316,swe-agent,long,67,4,4,1.0,0.921176465060332,1.0,1.0,4.0,4.0,4.34227333384817
swe-agent:024736:macbre__sql-metadata-316,swe-agent,long,68,4,4,1.0,0.921176465060332,1.0,1.0,4.0,4.0,4.34227333384817
swe-agent:024736:macbre__sql-metadata-316,swe-agent,long,69,4,4,1.0,0.9541639576422886,1.0,1.0,4.0,4.0,4.192151640147762
swe-agent:024736:macbre__sql-metadata-316,swe-agent,long,70,4,4,1.0,0.9541639576422886,1.0,1.0,4.0,4.0,4.192151640147762
swe-agent:024736:macbre__sql-metadata-316,swe-agent,long,71,4,4,1.0,0.9768770156174702,0.9998552413674243,1.0,4.0,4.000579118362685,4.094681250609276
swe-agent:024736:macbre__sql-metadata-316,swe-agent,long,72,4,4,1.0,0.9768770156174702,0.9998552413674243,1.0,4.0,4.000579118362685,4.094681250609276
swe-agent:024736:macbre__sql-metadata-316,swe-agent,long,73,4,4,1.0,0.97713871290746,0.9999793622920952,1.0,4.0,4.000082552535314,4.093584613077161
swe-agent:024736:macbre__sql-metadata-316,swe-agent,long,74,4,4,1.0,0.97713871290746,0.9999793622920952,1.0,4.0,4.000082552535314,4.093584613077161
swe-agent:025796:iterative__dvc-7845,swe-agent,long,1,0,3,0.0,0.0,0.0,0.0,2.9999999995275766,7.000000000000009,23.361947371303465
swe-agent:025796:iterative__dvc-7845,swe-agent,long,2,0,3,0.0,0.0,0.0,0.0,2.9999999995275766,7.000000000000009,23.361947371303465
swe-agent:025796:iterative__dvc-7845,swe-agent,long,3,1,3,0.3333333333333333,0.05297724045600589,0.20000000000000034,0.45925805551424503,2.1774250619954176,4.999999999999991,18.8760303744102
swe-agent:025796:iterative__dvc-7845,swe-agent,long,4,1,3,0.3333333333333333,0.05297724045600589,0.20000000000000034,0.45925805551424503,2.1774250619954176,4.999999999999991,18.8760303744102
swe-agent:025796:iterative__dvc-7845,swe-agent,long,5,1,3,0.3333333333333333,0.05297724045600589,0.20000000000000034,0.46676303413300707,2.1424147305440724,4.999999999999991,18.8760303744102
swe-agent:025796:iterative__dvc-7845,swe-agent,long,6,1,3,0.3333333333333333,0.05297724045600589,0.20000000000000034,0.46676303413300707,2.1424147305440724,4.999999999999991,18.8760303744102
swe-agent:025796:iterative__dvc-7845,swe-agent,long,7,1,3,0.3333333333333333,0.05221651580857696,0.2000503352915765,0.544464431354845,1.8366672686250605,4.998741934336097,19.151028836660572
swe-agent:025796:iterative__dvc-7845,swe-agent,long,8,1,3,0.3333333333333333,0.05221651580857696,0.2000503352915765,0.544464431354845,1.8366672686250605,4.998741934336097,19.151028836660572
swe-agent:025796:iterative__dvc-7845,swe-agent,long,9,1,3,0.3333333333333333,0.05465411162958303,0.21117087091228282,0.5525821248702228,1.8096857552800063,4.735501613834726,18.296885086660573
swe-agent:025796:iterative__dvc-7845,swe-agent,long,10,1,3,0.3333333333333333,0.05465411162958303,0.21117087091228282,0.5525821248702228,1.8096857552800063,4.735501613834726,18.296885086660573
swe-agent:025796:iterative__dvc-7845,swe-agent,long,11,1,3,0.3333333333333333,0.05662669939083224,0.2472072700222142,0.6596983878497323,1.5158442379395087,4.0451884764964205,17.65951416483049
swe-agent:025796:iterative__dvc-7845,swe-agent,long,12,1,3,0.3333333333333333,0.05662669939083224,0.2472072700222142,0.6596983878497323,1.5158442379395087,4.0451884764964205,17.65951416483049
swe-agent:025796:iterative__dvc-7845,swe-agent,long,13,1,3,0.3333333333333333,0.058109877800077876,0.254912440470982,0.6715531159211536,1.4890854889837322,3.9229156417488973,17.208778229415927
swe-agent:025796:iterative__dvc-7845,swe-agent,long,14,1,3,0.3333333333333333,0.058109877800077876,0.254912440470982,0.6715531159211536,1.4890854889837322,3.9229156417488973,17.208778229415927
swe-agent:025796:iterative__dvc-7845,swe-agent,long,15,1,3,0.3333333333333333,0.06011166836864407,0.2705272986150094,0.781331977371309,1.279865702366837,3.696484625099191,16.63570529880066
swe-agent:025796:iterative__dvc-7845,swe-agent,long,16,1,3,0.3333333333333333,0.06011166836864407,0.2705272986150094,0.781331977371309,1.279865702366837,3.696484625099191,16.63570529880066
swe-agent:025796:iterative__dvc-7845,swe-agent,long,17,1,3,0.3333333333333333,0.06188669210994504,0.28843011959690945,0.8509329732907485,1.175180691532937,3.4670442927303595,16.15856278476552
swe-agent:025796:iterative__dvc-7845,swe-agent,long,18,1,3,0.3333333333333333,0.06188669210994504,0.28843011959690945,0.8509329732907485,1.175180691532937,3.4670442927303595,16.15856278476552
swe-agent:025796:iterative__dvc-7845,swe-agent,long,19,1,3,0.3333333333333333,0.0677215269848601,0.3333333333333328,1.0,1.0,3.0000000000000044,14.766353396366284
swe-agent:025796:iterative__dvc-7845,swe-agent,long,20,1,3,0.3333333333333333,0.0677215269848601,0.3333333333333328,1.0,1.0,3.0000000000000044,14.766353396366284
swe-agent:025796:iterative__dvc-7845,swe-agent,long,21,1,3,0.3333333333333333,0.07014046810903282,0.3442374346595384,1.0,1.0,2.904971683248312,14.257104735108236
swe-agent:025796:iterative__dvc-7845,swe-agent,long,22,1,3,0.3333333333333333,0.07014046810903282,0.3442374346595384,1.0,1.0,2.904971683248312,14.257104735108236
swe-agent:025796:iterative__dvc-7845,swe-agent,long,23,1,3,0.3333333333333333,0.0742608345248742,0.3658534365574356,0.9972384255242277,1.0027692218882567,2.733334991765232,13.466048508585544
swe-agent:025796:iterative__dvc-7845,swe-agent,long,24,1,3,0.3333333333333333,0.0742608345248742,0.3658534365574356,0.9972384255242277,1.0027692218882567,2.733334991765232,13.466048508585544
swe-agent:025796:iterative__dvc-7845,swe-agent,long,25,1,3,0.3333333333333333,0.08055632756150176,0.37187386797639405,1.0,1.0,2.6890838160843247,12.413674136727959
swe-agent:025796:iterative__dvc-7845,swe-agent,long,26,1,3,0.3333333333333333,0.08055632756150176,0.37187386797639405,1.0,1.0,2.6890838160843247,12.413674136727959
swe-agent:025796:iterative__dvc-7845,swe-agent,long,27,1,3,0.3333333333333333,0.08531706517101795,0.3697203919309424,0.9999999994307589,1.000000000569241,2.7047466729581506,11.720984518109024
swe-agent:025796:iterative__dvc-7845,swe-agent,long,28,1,3,0.3333333333333333,0.08531706517101795,0.3697203919309424,0.9999999994307589,1.000000000569241,2.7047466729581506,11.720984518109024
swe-agent:025796:iterative__dvc-7845,swe-agent,long,29,1,3,0.3333333333333333,0.09368669318371695,0.4059164090611104,0.9999999999999978,1.0000000000000022,2.4635614074163996,10.67387444275601
swe-agent:025796:iterative__dvc-7845,swe-agent,long,30,1,3,0.3333333333333333,0.0930572884552026,0.4059164090611104,0.9999999999999978,1.0000000000000022,2.4635614074163996,10.746068541223355
swe-agent:025796:iterative__dvc-7845,swe-agent,long,31,1,3,0.3333333333333333,0.10292271601567003,0.5345606770725523,0.9999999999999978,1.0000000000000022,1.8706950265709066,9.71602809090026
swe-agent:025796:iterative__dvc-7845,swe-agent,long,32,1,3,0.3333333333333333,0.10292271601567003,0.5345606770725523,0.9999999999999978,1.0000000000000022,1.8706950265709066,9.71602809090026
swe-agent:025796:iterative__dvc-7845,swe-agent,long,33,1,3,0.3333333333333333,0.10609152074350492,0.585169028884277,1.0,1.0,1.7089079405085192,9.425823977183601
swe-agent:025796:iterative__dvc-7845,swe-agent,long,34,1,3,0.3333333333333333,0.10603102108181794,0.585169028884277,1.0,1.0,1.7089079405085192,9.43120220664817
swe-agent:025796:iterative__dvc-7845,swe-agent,long,35,1,3,0.3333333333333333,0.11134397808673847,0.5959390798811096,0.9999999999999978,1.0000000000000022,1.6780238681435373,8.98117722380088
swe-agent:025796:iterative__dvc-7845,swe-agent,long,36,1,3,0.3333333333333333,0.11134397808673847,0.5959390798811096,0.9999999999999978,1.0000000000000022,1.6780238681435373,8.98117722380088
swe-agent:025796:iterative__dvc-7845,swe-agent,long,37,2,3,0.6666666666666666,0.10101424933477517,0.4228337525366044,0.7682370215144992,2.6033632121206662,4.729991368952652,19.79918687879097
swe-agent:025796:iterative__dvc-7845,swe-agent,long,38,2,3,0.6666666666666666,0.10101424933477517,0.4228337525366044,0.7682370215144992,2.6033632121206662,4.729991368952652,19.79918687879097
swe-agent:025796:iterative__dvc-7845,swe-agent,long,39,3,3,1.0,0.1569462237554981,0.5434362877286258,0.795204126597051,3.7726162373402423,5.52042634572482,19.11482753910417
swe-agent:025796:iterative__dvc-7845,swe-agent,long,40,3,3,1.0,0.1569462237554981,0.5434362877286258,0.795204126597051,3.7726162373402423,5.52042634572482,19.11482753910417
swe-agent:025796:iterative__dvc-7845,swe-agent,long,41,3,3,1.0,0.15745349832927868,0.5434362877286258,0.8731074213698191,3.4360033216683656,5.52042634572482,19.053244493343506
swe-agent:025796:iterative__dvc-7845,swe-agent,long,42,3,3,1.0,0.15775205914943868,0.5434362877286258,0.8731074213698191,3.4360033216683656,5.52042634572482,19.017184410620573
swe-agent:025796:iterative__dvc-7845,swe-agent,long,43,3,3,1.0,0.15882121273822253,0.554978422138675,0.9913735112013093,3.026104657935345,5.405615570492174,18.889164414987548
swe-agent:025796:iterative__dvc-7845,swe-agent,long,44,3,3,1.0,0.15882121273822253,0.554978422138675,0.9913735112013093,3.026104657935345,5.405615570492174,18.889164414987548
swe-agent:025796:iterative__dvc-7845,swe-agent,long,45,3,3,1.0,0.16648504051382426,0.565625754376304,0.9999527880332209,3.0001416425875624,5.303860329535377,18.01963702408981
swe-agent:025796:iterative__dvc-7845,swe-agent,long,46,3,3,1.0,0.16648504051382426,0.565625754376304,0.9999527880332209,3.0001416425875624,5.303860329535377,18.01963702408981
swe-agent:025796:iterative__dvc-7845,swe-agent,long,47,3,3,1.0,0.17456555383977068,0.5623615563514337,0.9973934090296601,3.0078402091293417,5.334646307375296,17.18552104932239
swe-agent:025796:iterative__dvc-7845,swe-agent,long,48,3,3,1.0,0.17526148144502512,0.5623615563514337,0.9973934090296601,3.0078402091293417,5.334646307375296,17.117280849534644
swe-agent:025796:iterative__dvc-7845,swe-agent,long,49,3,3,1.0,0.18289145618926073,0.5623615563514337,0.9989814351335093,3.003058810196071,5.334646307375296,16.403171927810142
swe-agent:025796:iterative__dvc-7845,swe-agent,long,50,3,3,1.0,0.18338973327309047,0.5623615563514337,0.9989814351335093,3.003058810196071,5.334646307375296,16.35860386760376
swe-agent:025796:iterative__dvc-7845,swe-agent,long,51,3,3,1.0,0.19104872767743075,0.5633943829030608,1.0,3.0,5.324866720434073,15.702800204276892
swe-agent:025796:iterative__dvc-7845,swe-agent,long,52,3,3,1.0,0.19104872767743075,0.5633943829030608,1.0,3.0,5.324866720434073,15.702800204276892
swe-agent:025796:iterative__dvc-7845,swe-agent,long,53,3,3,1.0,0.197980992258007,0.5837564831161429,1.0,3.0,5.139129220434073,15.152969816872256
swe-agent:025796:iterative__dvc-7845,swe-agent,long,54,3,3,1.0,0.199690902821744,0.5837564831161429,1.0,3.0,5.139129220434073,15.023218171726024
swe-agent:025796:iterative__dvc-7845,swe-agent,long,55,3,3,1.0,0.22502776676110609,0.6324702868125408,1.0,3.0,4.743305831992668,13.331688098672993
swe-agent:025796:iterative__dvc-7845,swe-agent,long,56,3,3,1.0,0.2255029872249507,0.6324702868125408,1.0,3.0,4.743305831992668,13.303593167071208
swe-agent:025796:iterative__dvc-7845,swe-agent,long,57,3,3,1.0,0.23805147595693546,0.6435517993196895,1.0,3.0,4.661629418442082,12.602316318100515
swe-agent:025796:iterative__dvc-7845,swe-agent,long,58,3,3,1.0,0.23805147595693546,0.6435517993196895,1.0,3.0,4.661629418442082,12.602316318100515
swe-agent:025796:iterative__dvc-7845,swe-agent,long,59,3,3,1.0,0.26304902448971546,0.6704331886263903,1.0,3.0,4.474718810007776,11.404718211062184
swe-agent:025796:iterative__dvc-7845,swe-agent,long,60,3,3,1.0,0.2647368436866477,0.6704331886263903,1.0,3.0,4.474718810007776,11.332007884595432
swe-agent:025796:iterative__dvc-7845,swe-agent,long,61,3,3,1.0,0.2923308397368258,0.6925153105310379,1.0,3.0,4.332034186651448,10.262345234258502
swe-agent:025796:iterative__dvc-7845,swe-agent,long,62,3,3,1.0,0.2923308397368258,0.6925153105310379,1.0,3.0,4.332034186651448,10.262345234258502
swe-agent:025796:iterative__dvc-7845,swe-agent,long,63,3,3,1.0,0.3032794553450153,0.7583194265886396,1.0,3.0,3.9561165055413907,9.89186688095029
swe-agent:025796:iterative__dvc-7845,swe-agent,long,64,3,3,1.0,0.3032794553450153,0.7583194265886396,1.0,3.0,3.9561165055413907,9.89186688095029
swe-agent:025796:iterative__dvc-7845,swe-agent,long,65,3,3,1.0,0.33647364761977017,0.8049650073049813,1.0,3.0,3.72687007854414,8.916002846648277
swe-agent:025796:iterative__dvc-7845,swe-agent,long,66,3,3,1.0,0.33647364761977017,0.8049650073049813,1.0,3.0,3.72687007854414,8.916002846648277
swe-agent:025796:iterative__dvc-7845,swe-agent,long,67,3,3,1.0,0.3800857240794997,0.8424265945582509,1.0,3.0,3.561141136069109,7.892956272602631
swe-agent:025796:iterative__dvc-7845,swe-agent,long,68,3,3,1.0,0.3800857240794997,0.8424265945582509,1.0,3.0,3.561141136069109,7.892956272602631
swe-agent:025796:iterative__dvc-7845,swe-agent,long,69,3,3,1.0,0.3921838910405886,0.9232506963691777,1.0,3.0,3.2493882883575953,7.649472781862728
swe-agent:025796:iterative__dvc-7845,swe-agent,long,70,3,3,1.0,0.3921838910405886,0.9232506963691777,1.0,3.0,3.2493882883575953,7.649472781862728
swe-agent:025796:iterative__dvc-7845,swe-agent,long,71,3,3,1.0,0.41282441410888604,0.974683753731556,1.0,3.0,3.077921416576981,7.267012069709433
swe-agent:025796:iterative__dvc-7845,swe-agent,long,72,3,3,1.0,0.41282441410888604,0.974683753731556,1.0,3.0,3.077921416576981,7.267012069709433
swe-agent:025796:iterative__dvc-7845,swe-agent,long,73,3,3,1.0,0.4515236922069624,0.999252714163522,1.0,3.0,3.0022435340706686,6.644169623384694
swe-agent:025796:iterative__dvc-7845,swe-agent,long,74,3,3,1.0,0.4515236922069624,0.999252714163522,1.0,3.0,3.0022435340706686,6.644169623384694
swe-agent:025796:iterative__dvc-7845,swe-agent,long,75,3,3,1.0,0.4871551495312731,0.9881104711280928,1.0,3.0,3.0360977721195486,6.1582023773874
swe-agent:025796:iterative__dvc-7845,swe-agent,long,76,3,3,1.0,0.4871551495312731,0.9881104711280928,1.0,3.0,3.0360977721195486,6.1582023773874
swe-agent:025796:iterative__dvc-7845,swe-agent,long,77,3,3,1.0,0.5272065599910782,0.9851060944595507,1.0,3.0,3.045357263418273,5.690369254985689
swe-agent:025796:iterative__dvc-7845,swe-agent,long,78,3,3,1.0,0.5277994982808846,0.9851060944595507,1.0,3.0,3.045357263418273,5.683976604319276
swe-agent:025796:iterative__dvc-7845,swe-agent,long,79,3,3,1.0,0.5691576829524411,0.9841728959036393,1.0,3.0,3.0482448891721265,5.270947032530317
swe-agent:025796:iterative__dvc-7845,swe-agent,long,80,3,3,1.0,0.5691576829524411,0.9841728959036393,1.0,3.0,3.0482448891721265,5.270947032530317
swe-agent:025796:iterative__dvc-7845,swe-agent,long,81,3,3,1.0,0.632484029019497,0.9846765500204162,1.0,3.0,3.0466857364865634,4.74320277248854
swe-agent:025796:iterative__dvc-7845,swe-agent,long,82,3,3,1.0,0.632484029019497,0.9846765500204162,1.0,3.0,3.0466857364865634,4.74320277248854
swe-agent:025796:iterative__dvc-7845,swe-agent,long,83,3,3,1.0,0.7065474779149984,0.9847586302650856,1.0,3.0,3.046431793334408,4.245999163216767
swe-agent:025796:iterative__dvc-7845,swe-agent,long,84,3,3,1.0,0.7065474779149984,0.9847586302650856,1.0,3.0,3.046431793334408,4.245999163216767
swe-agent:025796:iterative__dvc-7845,swe-agent,long,85,3,3,1.0,0.7190243366457212,0.9846724674503576,1.0,3.0,3.046698368410758,4.172320528113313
swe-agent:025796:iterative__dvc-7845,swe-agent,long,86,3,3,1.0,0.7190243366457212,0.9846724674503576,1.0,3.0,3.046698368410758,4.172320528113313
swe-agent:025796:iterative__dvc-7845,swe-agent,long,87,3,3,1.0,0.8260018683520999,0.9889432623540038,1.0,3.0,3.0335410677241814,3.631953043865501
swe-agent:025796:iterative__dvc-7845,swe-agent,long,88,3,3,1.0,0.8260018683520999,0.9889432623540038,1.0,3.0,3.0335410677241814,3.631953043865501
swe-agent:025796:iterative__dvc-7845,swe-agent,long,89,3,3,1.0,0.8599618828208931,0.9889432623540038,1.0,3.0,3.0335410677241814,3.4885267125552577
swe-agent:025796:iterative__dvc-7845,swe-agent,long,90,3,3,1.0,0.8027408618620847,0.9889432623540038,1.0,3.0,3.0335410677241814,3.737196077250913
swe-agent:025796:iterative__dvc-7845,swe-agent,long,91,3,3,1.0,0.8096214103509847,0.99164391545762,1.0,3.0,3.0252794911927348,3.705435604401135
swe-agent:025796:iterative__dvc-7845,swe-agent,long,92,3,3,1.0,0.8096214103509847,0.9889433554135405,1.0,3.0,3.0335407822680684,3.705435604401135
swe-agent:025796:iterative__dvc-7845,swe-agent,long,93,3,3,1.0,0.8673831472259901,0.989806278493013,1.0,3.0,3.0308961108708274,3.4586791426538666
swe-agent:025796:iterative__dvc-7845,swe-agent,long,94,3,3,1.0,0.8673831472259901,0.989806278493013,1.0,3.0,3.0308961108708274,3.4586791426538666
swe-agent:025796:iterative__dvc-7845,swe-agent,long,95,3,3,1.0,0.9061189483422684,0.999999999990409,1.0,3.0,3.000000000028773,3.3108236015684884
swe-agent:025796:iterative__dvc-7845,swe-agent,long,96,3,3,1.0,0.9061189483422684,0.999999999990409,1.0,3.0,3.000000000028773,3.3108236015684884
swe-agent:025796:iterative__dvc-7845,swe-agent,long,97,3,3,1.0,0.9216276917680482,0.999999999990409,1.0,3.0,3.000000000028773,3.2551105254279067
swe-agent:025796:iterative__dvc-7845,swe-agent,long,98,3,3,1.0,0.9216276917680482,0.999999999990409,1.0,3.0,3.000000000028773,3.2551105254279067
swe-agent:025796:iterative__dvc-7845,swe-agent,long,99,3,3,1.0,0.8779823049814564,0.999999999990409,1.0,3.0,3.000000000028773,3.4169253559880826
swe-agent:025796:iterative__dvc-7845,swe-agent,long,100,3,3,1.0,0.8779823049814564,0.999999999990409,1.0,3.0,3.000000000028773,3.4169253559880826
swe-agent:025796:iterative__dvc-7845,swe-agent,long,101,3,3,1.0,0.8840108030734016,0.999999999990409,1.0,3.0,3.000000000028773,3.393623686011564
swe-agent:025796:iterative__dvc-7845,swe-agent,long,102,3,3,1.0,0.8840108030734016,0.999999999990409,1.0,3.0,3.000000000028773,3.393623686011564
swe-agent:025796:iterative__dvc-7845,swe-agent,long,103,3,3,1.0,0.8897736007037177,0.999999999990409,1.0,3.0,3.000000000028773,3.3716441998586095
swe-agent:025796:iterative__dvc-7845,swe-agent,long,104,3,3,1.0,0.8897736007037177,0.999999999990409,1.0,3.0,3.000000000028773,3.3716441998586095
swe-agent:025796:iterative__dvc-7845,swe-agent,long,105,3,3,1.0,0.938543228161725,0.999999999990409,1.0,3.0,3.000000000028773,3.1964430726072592
swe-agent:025796:iterative__dvc-7845,swe-agent,long,106,3,3,1.0,0.938543228161725,0.999999999990409,1.0,3.0,3.000000000028773,3.1964430726072592
swe-agent:025796:iterative__dvc-7845,swe-agent,long,107,3,3,1.0,0.938543228161725,0.999999999990409,1.0,3.0,3.000000000028773,3.1964430726072592
swe-agent:025796:iterative__dvc-7845,swe-agent,long,108,3,3,1.0,0.938543228161725,0.999999999990409,1.0,3.0,3.000000000028773,3.1964430726072592
swe-agent:025796:iterative__dvc-7845,swe-agent,long,109,3,3,1.0,0.938543228161725,0.999999999990409,1.0,3.0,3.000000000028773,3.1964430726072592
swe-agent:025796:iterative__dvc-7845,swe-agent,long,110,3,3,1.0,0.938543228161725,0.999999999990409,1.0,3.0,3.000000000028773,3.1964430726072592
swe-agent:025796:iterative__dvc-7845,swe-agent,long,111,3,3,1.0,0.938543228161725,0.999999999990409,1.0,3.0,3.000000000028773,3.1964430726072592
swe-agent:025796:iterative__dvc-7845,swe-agent,long,112,3,3,1.0,0.938543228161725,0.999999999990409,1.0,3.0,3.000000000028773,3.1964430726072592
swe-agent:025796:iterative__dvc-7845,swe-agent,long,113,3,3,1.0,0.938543228161725,0.999999999990409,1.0,3.0,3.000000000028773,3.1964430726072592
swe-agent:025796:iterative__dvc-7845,swe-agent,long,114,3,3,1.0,0.938543228161725,0.999999999990409,1.0,3.0,3.000000000028773,3.1964430726072592
swe-agent:025796:iterative__dvc-7845,swe-agent,long,115,3,3,1.0,0.9352891860850131,0.999999999990409,1.0,3.0,3.000000000028773,3.2075640824604967
swe-agent:025796:iterative__dvc-7845,swe-agent,long,116,3,3,1.0,0.9352891860850131,0.999999999990409,1.0,3.0,3.000000000028773,3.2075640824604967
swe-agent:025796:iterative__dvc-7845,swe-agent,long,117,3,3,1.0,0.9352891860850131,0.999999999990409,1.0,3.0,3.000000000028773,3.2075640824604967
swe-agent:025796:iterative__dvc-7845,swe-agent,long,118,3,3,1.0,0.9999999956430922,1.0,1.0,3.0,3.0,3.0000000130707236
swe-agent:003936:iterative__dvc-6633,swe-agent,long,1,0,13,0.0,0.0,0.0,0.0,2.9999999995275766,7.000000000000009,23.361947371303465
swe-agent:003936:iterative__dvc-6633,swe-agent,long,2,0,13,0.0,0.0,0.0,0.0,2.9999999995275766,7.000000000000009,23.361947371303465
swe-agent:003936:iterative__dvc-6633,swe-agent,long,3,1,13,0.07692307692307693,0.05297724045600589,0.20000000000000034,0.45925805551424503,2.1774250619954176,4.999999999999991,18.8760303744102
swe-agent:003936:iterative__dvc-6633,swe-agent,long,4,1,13,0.07692307692307693,0.05297724045600589,0.20000000000000034,0.45925805551424503,2.1774250619954176,4.999999999999991,18.8760303744102
swe-agent:003936:iterative__dvc-6633,swe-agent,long,5,1,13,0.07692307692307693,0.05297724045600589,0.20000000000000034,0.46676303413300707,2.1424147305440724,4.999999999999991,18.8760303744102
swe-agent:003936:iterative__dvc-6633,swe-agent,long,6,1,13,0.07692307692307693,0.05297724045600589,0.20000000000000034,0.46676303413300707,2.1424147305440724,4.999999999999991,18.8760303744102
swe-agent:003936:iterative__dvc-6633,swe-agent,long,7,1,13,0.07692307692307693,0.05221651580857696,0.2000503352915765,0.544464431354845,1.8366672686250605,4.998741934336097,19.151028836660572
swe-agent:003936:iterative__dvc-6633,swe-agent,long,8,1,13,0.07692307692307693,0.05221651580857696,0.2000503352915765,0.544464431354845,1.8366672686250605,4.998741934336097,19.151028836660572
swe-agent:003936:iterative__dvc-6633,swe-agent,long,9,1,13,0.07692307692307693,0.05465411162958303,0.21117087091228282,0.5525821248702228,1.8096857552800063,4.735501613834726,18.296885086660573
swe-agent:003936:iterative__dvc-6633,swe-agent,long,10,1,13,0.07692307692307693,0.05465411162958303,0.21117087091228282,0.5525821248702228,1.8096857552800063,4.735501613834726,18.296885086660573
swe-agent:003936:iterative__dvc-6633,swe-agent,long,11,1,13,0.07692307692307693,0.05662669939083224,0.2472072700222142,0.6596983878497323,1.5158442379395087,4.0451884764964205,17.65951416483049
swe-agent:003936:iterative__dvc-6633,swe-agent,long,12,1,13,0.07692307692307693,0.05662669939083224,0.2472072700222142,0.6596983878497323,1.5158442379395087,4.0451884764964205,17.65951416483049
swe-agent:003936:iterative__dvc-6633,swe-agent,long,13,1,13,0.07692307692307693,0.058109877800077876,0.254912440470982,0.6715531159211536,1.4890854889837322,3.9229156417488973,17.208778229415927
swe-agent:003936:iterative__dvc-6633,swe-agent,long,14,1,13,0.07692307692307693,0.058109877800077876,0.254912440470982,0.6715531159211536,1.4890854889837322,3.9229156417488973,17.208778229415927
swe-agent:003936:iterative__dvc-6633,swe-agent,long,15,1,13,0.07692307692307693,0.06011166836864407,0.2705272986150094,0.781331977371309,1.279865702366837,3.696484625099191,16.63570529880066
swe-agent:003936:iterative__dvc-6633,swe-agent,long,16,1,13,0.07692307692307693,0.06011166836864407,0.2705272986150094,0.781331977371309,1.279865702366837,3.696484625099191,16.63570529880066
swe-agent:003936:iterative__dvc-6633,swe-agent,long,17,1,13,0.07692307692307693,0.06188669210994504,0.28843011959690945,0.8509329732907485,1.175180691532937,3.4670442927303595,16.15856278476552
swe-agent:003936:iterative__dvc-6633,swe-agent,long,18,1,13,0.07692307692307693,0.06188669210994504,0.28843011959690945,0.8509329732907485,1.175180691532937,3.4670442927303595,16.15856278476552
swe-agent:003936:iterative__dvc-6633,swe-agent,long,19,1,13,0.07692307692307693,0.0677215269848601,0.3333333333333328,1.0,1.0,3.0000000000000044,14.766353396366284
swe-agent:003936:iterative__dvc-6633,swe-agent,long,20,1,13,0.07692307692307693,0.0677215269848601,0.3333333333333328,1.0,1.0,3.0000000000000044,14.766353396366284
swe-agent:003936:iterative__dvc-6633,swe-agent,long,21,1,13,0.07692307692307693,0.07014046810903282,0.3442374346595384,1.0,1.0,2.904971683248312,14.257104735108236
swe-agent:003936:iterative__dvc-6633,swe-agent,long,22,1,13,0.07692307692307693,0.07014046810903282,0.3442374346595384,1.0,1.0,2.904971683248312,14.257104735108236
swe-agent:003936:iterative__dvc-6633,swe-agent,long,23,1,13,0.07692307692307693,0.0742608345248742,0.3658534365574356,0.9972384255242277,1.0027692218882567,2.733334991765232,13.466048508585544
swe-agent:003936:iterative__dvc-6633,swe-agent,long,24,1,13,0.07692307692307693,0.0742608345248742,0.3658534365574356,0.9972384255242277,1.0027692218882567,2.733334991765232,13.466048508585544
swe-agent:003936:iterative__dvc-6633,swe-agent,long,25,1,13,0.07692307692307693,0.08055632756150176,0.37187386797639405,1.0,1.0,2.6890838160843247,12.413674136727959
swe-agent:003936:iterative__dvc-6633,swe-agent,long,26,1,13,0.07692307692307693,0.08055632756150176,0.37187386797639405,1.0,1.0,2.6890838160843247,12.413674136727959
swe-agent:003936:iterative__dvc-6633,swe-agent,long,27,1,13,0.07692307692307693,0.08531706517101795,0.3697203919309424,0.9999999994307589,1.000000000569241,2.7047466729581506,11.720984518109024
swe-agent:003936:iterative__dvc-6633,swe-agent,long,28,1,13,0.07692307692307693,0.08531706517101795,0.3697203919309424,0.9999999994307589,1.000000000569241,2.7047466729581506,11.720984518109024
swe-agent:003936:iterative__dvc-6633,swe-agent,long,29,2,13,0.15384615384615385,0.09954447138677797,0.4021555009509841,0.7681136837831408,2.6037812399715743,4.973200653156715,20.09152263443182
swe-agent:003936:iterative__dvc-6633,swe-agent,long,30,2,13,0.15384615384615385,0.09954447138677797,0.4021555009509841,0.7681136837831408,2.6037812399715743,4.973200653156715,20.09152263443182
swe-agent:003936:iterative__dvc-6633,swe-agent,long,31,2,13,0.15384615384615385,0.09937429658799868,0.3881343658042047,0.7599678093019867,2.631690415725575,5.152854723018535,20.12592862208534
swe-agent:003936:iterative__dvc-6633,swe-agent,long,32,2,13,0.15384615384615385,0.09937429658799868,0.3881343658042047,0.7599678093019867,2.631690415725575,5.152854723018535,20.12592862208534
swe-agent:003936:iterative__dvc-6633,swe-agent,long,33,3,13,0.23076923076923078,0.15459541316203204,0.5143004349029043,0.7904919159854898,3.7951052241438323,5.83316636814895,19.405491654889452
swe-agent:003936:iterative__dvc-6633,swe-agent,long,34,3,13,0.23076923076923078,0.15459541316203204,0.5143004349029043,0.7904919159854898,3.7951052241438323,5.83316636814895,19.405491654889452
swe-agent:003936:iterative__dvc-6633,swe-agent,long,35,4,13,0.3076923076923077,0.19206471993677066,0.5537482101844112,0.8072498693176597,4.95509525864781,7.223499645566179,20.826313137138534
swe-agent:003936:iterative__dvc-6633,swe-agent,long,36,4,13,0.3076923076923077,0.19206471993677066,0.5537482101844112,0.8072498693176597,4.95509525864781,7.223499645566179,20.826313137138534
swe-agent:003936:iterative__dvc-6633,swe-agent,long,37,4,13,0.3076923076923077,0.22944192887463263,0.5635329227189431,0.880198665465252,4.544428612472044,7.098076862485218,17.433605181141957
swe-agent:003936:iterative__dvc-6633,swe-agent,long,38,4,13,0.3076923076923077,0.22944192887463263,0.5635329227189431,0.880198665465252,4.544428612472044,7.098076862485218,17.433605181141957
swe-agent:003936:iterative__dvc-6633,swe-agent,long,39,4,13,0.3076923076923077,0.2646623073368241,0.5519627047434894,1.0,4.0,7.246866437939676,15.113599062330305
swe-agent:003936:iterative__dvc-6633,swe-agent,long,40,4,13,0.3076923076923077,0.2695972521356812,0.5519627047434894,1.0,4.0,7.246866437939676,14.836946475948892
swe-agent:003936:iterative__dvc-6633,swe-agent,long,41,4,13,0.3076923076923077,0.29315768477890997,0.6845352791869722,1.0,4.0,5.843380351047546,13.644534009117553
swe-agent:003936:iterative__dvc-6633,swe-agent,long,42,4,13,0.3076923076923077,0.29393450151980005,0.6845352791869722,1.0,4.0,5.843380351047546,13.608473926394623
swe-agent:003936:iterative__dvc-6633,swe-agent,long,43,4,13,0.3076923076923077,0.3076140224152448,0.8189747933816893,1.0,4.0,4.884155205172194,13.003308394701342
swe-agent:003936:iterative__dvc-6633,swe-agent,long,44,4,13,0.3076923076923077,0.3076140224152448,0.8189747933816893,1.0,4.0,4.884155205172194,13.003308394701342
swe-agent:003936:iterative__dvc-6633,swe-agent,long,45,4,13,0.3076923076923077,0.3222426694615826,0.8409584069636745,1.0,4.0,4.75647780779339,12.413005411987736
swe-agent:003936:iterative__dvc-6633,swe-agent,long,46,4,13,0.3076923076923077,0.20958383295149544,0.5788544280495075,1.0,4.0,6.910200226814009,19.085441580437795
swe-agent:003936:iterative__dvc-6633,swe-agent,long,47,4,13,0.3076923076923077,0.22069614165233928,0.588241475089473,1.0,4.0,6.799928548716478,18.1244672881557
swe-agent:003936:iterative__dvc-6633,swe-agent,long,48,4,13,0.3076923076923077,0.21377041878859057,0.5809171886781137,1.0,4.0,6.8856630135218815,18.71166283280673
swe-agent:003936:iterative__dvc-6633,swe-agent,long,49,4,13,0.3076923076923077,0.22621544704877716,0.5814475976911346,1.0,4.0,6.879381763521883,17.682258449563392
swe-agent:003936:iterative__dvc-6633,swe-agent,long,50,4,13,0.3076923076923077,0.22678706291463718,0.5814475976911346,1.0,4.0,6.879381763521883,17.63769038935701
swe-agent:003936:iterative__dvc-6633,swe-agent,long,51,5,13,0.38461538461538464,0.18610829206716153,0.4892996008572366,0.7856719536879149,6.363979236537828,10.218688082394031,26.86607858501884
swe-agent:003936:iterative__dvc-6633,swe-agent,long,52,5,13,0.38461538461538464,0.18610829206716153,0.4892996008572366,0.7856719536879149,6.363979236537828,10.218688082394031,26.86607858501884
swe-agent:003936:iterative__dvc-6633,swe-agent,long,53,6,13,0.46153846153846156,0.22016097228974496,0.5605410540167075,0.8572559088156896,6.999076866427296,10.703943907418356,27.252786620617037
swe-agent:003936:iterative__dvc-6633,swe-agent,long,54,6,13,0.46153846153846156,0.22159357998683352,0.5605410540167075,0.8572559088156896,6.999076866427296,10.703943907418356,27.076596715286172
swe-agent:003936:iterative__dvc-6633,swe-agent,long,55,7,13,0.5384615384615384,0.2255348347738311,0.5499935384840017,0.8428892263924765,8.304768622989343,12.72742225171363,31.0373340199073
swe-agent:003936:iterative__dvc-6633,swe-agent,long,56,7,13,0.5384615384615384,0.22815922912901054,0.5499935384840017,0.8428892263924765,8.304768622989343,12.72742225171363,30.680328061776166
swe-agent:003936:iterative__dvc-6633,swe-agent,long,57,8,13,0.6153846153846154,0.25803684451344255,0.5818688646373349,0.8885715190754678,9.003214517075408,13.748802326768612,31.003324409290848
swe-agent:003936:iterative__dvc-6633,swe-agent,long,58,8,13,0.6153846153846154,0.25838242603559713,0.5818688646373349,0.8885715190754678,9.003214517075408,13.748802326768612,30.961858059564186
swe-agent:003936:iterative__dvc-6633,swe-agent,long,59,8,13,0.6153846153846154,0.2715575064122304,0.588998708979253,0.94514858928209,8.464277565156808,13.582372725169748,29.459690161743566
swe-agent:003936:iterative__dvc-6633,swe-agent,long,60,8,13,0.6153846153846154,0.2759081464240467,0.5976264845511033,0.94514858928209,8.464277565156808,13.386287600706083,28.9951569161162
swe-agent:003936:iterative__dvc-6633,swe-agent,long,61,9,13,0.6923076923076923,0.2939246554080136,0.5865887984027501,0.9019204955245435,9.978706598485418,15.342945560001347,30.620092035173386
swe-agent:003936:iterative__dvc-6633,swe-agent,long,62,9,13,0.6923076923076923,0.2939246554080136,0.5865887984027501,0.9019204955245435,9.978706598485418,15.342945560001347,30.620092035173386
swe-agent:003936:iterative__dvc-6633,swe-agent,long,63,10,13,0.7692307692307693,0.32330132230710934,0.6134862861309636,0.9209112423542258,10.858809774583607,16.30028286869522,30.93089730855116
swe-agent:003936:iterative__dvc-6633,swe-agent,long,64,10,13,0.7692307692307693,0.32330132230710934,0.6134862861309636,0.9209112423542258,10.858809774583607,16.30028286869522,30.93089730855116
swe-agent:003936:iterative__dvc-6633,swe-agent,long,65,10,13,0.7692307692307693,0.340530491701595,0.6226904923873915,0.9480527166098868,10.547936654576235,16.05934267867181,29.365945909956707
swe-agent:003936:iterative__dvc-6633,swe-agent,long,66,10,13,0.7692307692307693,0.340530491701595,0.6226904923873915,0.9480527166098868,10.547936654576235,16.05934267867181,29.365945909956707
swe-agent:003936:iterative__dvc-6633,swe-agent,long,67,11,13,0.8461538461538461,0.33730319577856765,0.6286094154936965,0.899741527649531,12.225733348927672,17.49894247346078,32.61160919216806
swe-agent:003936:iterative__dvc-6633,swe-agent,long,68,11,13,0.8461538461538461,0.33730319577856765,0.6286094154936965,0.899741527649531,12.225733348927672,17.49894247346078,32.61160919216806
swe-agent:003936:iterative__dvc-6633,swe-agent,long,69,12,13,0.9230769230769231,0.3712106587777846,0.6393037388788702,0.9207406999823159,13.032985291331725,18.770420490648277,32.326657966961776
swe-agent:003936:iterative__dvc-6633,swe-agent,long,70,12,13,0.9230769230769231,0.3712106587777846,0.6393037388788702,0.9207406999823159,13.032985291331725,18.770420490648277,32.326657966961776
swe-agent:003936:iterative__dvc-6633,swe-agent,long,71,13,13,1.0,0.3905600008115535,0.658313265437242,0.9281958534533181,14.00566480838498,19.747437401805342,33.28553864447717
swe-agent:003936:iterative__dvc-6633,swe-agent,long,72,13,13,1.0,0.3905600008115535,0.658313265437242,0.9281958534533181,14.00566480838498,19.747437401805342,33.28553864447717
swe-agent:003936:iterative__dvc-6633,swe-agent,long,73,13,13,1.0,0.4138664006100582,0.6773930766349651,0.9452032062304582,13.75365626598431,19.191220649285533,31.41110266703796
swe-agent:003936:iterative__dvc-6633,swe-agent,long,74,13,13,1.0,0.4138664006100582,0.6773930766349651,0.9452032062304582,13.75365626598431,19.191220649285533,31.41110266703796
swe-agent:003936:iterative__dvc-6633,swe-agent,long,75,13,13,1.0,0.4326830769604264,0.7644781421604538,0.9904081557007388,13.125901604477571,17.005064347897957,30.045085403672935
swe-agent:003936:iterative__dvc-6633,swe-agent,long,76,13,13,1.0,0.4326830769604264,0.7644781421604538,0.9904081557007388,13.125901604477571,17.005064347897957,30.045085403672935
swe-agent:003936:iterative__dvc-6633,swe-agent,long,77,13,13,1.0,0.4858994928603569,0.7982040577220557,0.997904925336638,13.027293151814556,16.286562156924987,26.754504153672954
swe-agent:003936:iterative__dvc-6633,swe-agent,long,78,13,13,1.0,0.4858994928603569,0.7982040577220557,0.997904925336638,13.027293151814556,16.286562156924987,26.754504153672954
swe-agent:003936:iterative__dvc-6633,swe-agent,long,79,13,13,1.0,0.548075902383697,0.8612092990768027,0.9990140399675936,13.012830130417084,15.095052984141848,23.719342418559684
swe-agent:003936:iterative__dvc-6633,swe-agent,long,80,13,13,1.0,0.548075902383697,0.8612092990768027,0.9990140399675936,13.012830130417084,15.095052984141848,23.719342418559684
swe-agent:003936:iterative__dvc-6633,swe-agent,long,81,13,13,1.0,0.5936383204054558,0.9025878451903353,1.0,13.0,14.403030208387744,21.898855840574747
swe-agent:003936:iterative__dvc-6633,swe-agent,long,82,13,13,1.0,0.5936383204054558,0.9025878451903353,1.0,13.0,14.403030208387744,21.898855840574747
swe-agent:003936:iterative__dvc-6633,swe-agent,long,83,13,13,1.0,0.6369488591670092,0.9778743956062498,1.0,13.0,13.2941409023604,20.40980184343399
swe-agent:003936:iterative__dvc-6633,swe-agent,long,84,13,13,1.0,0.6972240221127121,1.0,1.0,13.0,13.0,18.645370193367263
swe-agent:003936:iterative__dvc-6633,swe-agent,long,85,13,13,1.0,0.7840264867139045,1.0,1.0,13.0,13.0,16.581072476884025
swe-agent:003936:iterative__dvc-6633,swe-agent,long,86,13,13,1.0,0.7840264867139045,1.0,1.0,13.0,13.0,16.581072476884025
swe-agent:003936:iterative__dvc-6633,swe-agent,long,87,13,13,1.0,0.899006849135271,1.0,1.0,13.0,13.0,14.46040151140598
swe-agent:003936:iterative__dvc-6633,swe-agent,long,88,13,13,1.0,0.899006849135271,1.0,1.0,13.0,13.0,14.46040151140598
swe-agent:003936:iterative__dvc-6633,swe-agent,long,89,13,13,1.0,0.9973906634454027,1.0,1.0,13.0,13.0,13.034010119056646
swe-agent:003936:iterative__dvc-6633,swe-agent,long,90,13,13,1.0,0.9973906634454027,1.0,1.0,13.0,13.0,13.034010119056646
swe-agent:003936:iterative__dvc-6633,swe-agent,long,91,13,13,1.0,1.0,1.0,1.0,13.0,13.0,13.0
swe-agent:003936:iterative__dvc-6633,swe-agent,long,92,13,13,1.0,1.0,1.0,1.0,13.0,13.0,13.0
swe-agent:003936:iterative__dvc-6633,swe-agent,long,93,13,13,1.0,0.9751607771685199,1.0,1.0,13.0,13.0,13.33113503369859
swe-agent:003936:iterative__dvc-6633,swe-agent,long,94,13,13,1.0,0.9751607771685199,1.0,1.0,13.0,13.0,13.33113503369859
swe-agent:003936:iterative__dvc-6633,swe-agent,long,95,13,13,1.0,0.9744786186747111,1.0,1.0,13.0,13.0,13.340467149171495
swe-agent:003936:iterative__dvc-6633,swe-agent,long,96,13,13,1.0,0.9744786186747111,1.0,1.0,13.0,13.0,13.340467149171495
