source_length_tercile,grid_offset,bin,n,mean_predicted_p,observed_rate,mean_bias
hermes x long,1,0,1564,0.07342632721155544,0.04283887468030691,0.030587452531248532
hermes x long,1,1,4819,0.15105757090763805,0.10583108528740402,0.04522648562023403
hermes x long,1,2,6264,0.2414320101752202,0.17672413793103448,0.06470787224418573
hermes x long,1,3,6132,0.34655574908742665,0.18118069145466406,0.16537505763276258
hermes x long,1,4,2215,0.45608977416867497,0.31512415349887135,0.14096562066980362
hermes x long,1,5,2403,0.5457016363924719,0.3653766125676238,0.1803250238248481
hermes x long,1,6,2512,0.6294595772116277,0.37738853503184716,0.25207104217978055
hermes x long,1,7,188,0.7387580222718166,0.6223404255319149,0.11641759673990171
hermes x long,1,8,11,0.7999999999999999,0.6363636363636364,0.16363636363636358
hermes x long,2,0,184,0.07397725217341114,0.05434782608695652,0.01962942608645462
hermes x long,2,1,2056,0.15489799551041372,0.08414396887159534,0.07075402663881838
hermes x long,2,2,4539,0.2579862611675321,0.12712051112579864,0.13086575004173345
hermes x long,2,3,4321,0.35194119455148803,0.22818791946308725,0.12375327508840078
hermes x long,2,4,5462,0.44426710502369204,0.28615891614793115,0.1581081888757609
hermes x long,2,5,2900,0.5465725715082749,0.3720689655172414,0.17450360599103348
hermes x long,2,6,2834,0.6377572539381939,0.5448129851799577,0.09294426875823625
hermes x long,2,7,3369,0.7354027986774682,0.558029088750371,0.1773737099270971
hermes x long,2,8,392,0.8306990075627199,0.6785714285714286,0.15212757899129126
hermes x long,2,9,51,0.9013128461455384,0.7647058823529411,0.1366069637925973
hermes x long,4,0,3,0.0,0.0,0.0
hermes x long,4,1,159,0.1689490934946392,0.08176100628930817,0.08718808720533104
hermes x long,4,2,1175,0.2619107378468573,0.16085106382978723,0.10105967401707008
hermes x long,4,3,2125,0.35424565472264385,0.216,0.13824565472264386
hermes x long,4,4,4583,0.45134356172519025,0.24896356098625355,0.2023800007389367
hermes x long,4,5,4900,0.5499158192563554,0.353265306122449,0.19665051313390636
hermes x long,4,6,3306,0.6593788840665743,0.5223835450695705,0.13699533899700378
hermes x long,4,7,4237,0.7464092713386264,0.6485721029029974,0.09783716843562906
hermes x long,4,8,4688,0.8410659955050895,0.7647184300341296,0.07634756547095989
hermes x long,4,9,932,0.9346217528943185,0.8701716738197425,0.064450079074576
hermes x long,8,1,3,0.16239316239316237,0.0,0.16239316239316237
hermes x long,8,2,45,0.28441404486189786,0.26666666666666666,0.0177473781952312
hermes x long,8,3,160,0.3639932415042778,0.5,-0.1360067584957222
hermes x long,8,4,264,0.4501562311178445,0.4318181818181818,0.01833804929966265
hermes x long,8,5,1003,0.5537828952802459,0.4307078763708873,0.12307501890935862
hermes x long,8,6,4205,0.6608991792813912,0.4875148632580262,0.17338431602336501
hermes x long,8,7,4799,0.7484377671870012,0.5851219003959158,0.16331586679108534
hermes x long,8,8,5430,0.8566064525195292,0.7771639042357275,0.0794425482838017
hermes x long,8,9,9390,0.9499395187523294,0.9265175718849841,0.023421946867345333
hermes x long,16,5,10,0.5853658536585364,0.7,-0.11463414634146352
hermes x long,16,6,187,0.6519068847775858,0.7379679144385026,-0.08606102966091678
hermes x long,16,7,168,0.7416556506273383,0.7619047619047619,-0.02024911127742357
hermes x long,16,8,2040,0.8608549957388548,0.846078431372549,0.014776564366305811
hermes x long,16,9,16512,0.9667558492337197,0.9379239341085271,0.028831915125192564
hermes x long,32,9,10062,0.9907185787561495,0.9863844166169747,0.004334162139174813
hermes x long,64,9,1992,0.9997369138891927,1.0,-0.00026308611080727573
hermes x medium,1,0,1176,0.07355526807535911,0.09863945578231292,-0.02508418770695381
hermes x medium,1,1,3371,0.14622708831884082,0.1791753188964699,-0.03294823057762908
hermes x medium,1,2,2455,0.229932711703359,0.32423625254582483,-0.09430354084246584
hermes x medium,1,3,3311,0.34603284966077236,0.4744790093627303,-0.12844615970195794
hermes x medium,1,4,1128,0.4631475304619435,0.6728723404255319,-0.2097248099635884
hermes x medium,1,5,1171,0.5413259293880924,0.829205807002562,-0.28787987761446954
hermes x medium,1,6,1107,0.6318924259925974,0.9349593495934959,-0.3030669236008985
hermes x medium,1,7,12,0.7448388501742159,0.9166666666666666,-0.1718278164924507
hermes x medium,1,8,19,0.8264603817235397,0.5789473684210527,0.2475130133024871
hermes x medium,2,0,142,0.07016928182216779,0.07746478873239436,-0.007295506910226568
hermes x medium,2,1,1351,0.15544833782251927,0.23464100666173204,-0.07919266883921278
hermes x medium,2,2,3577,0.25644120371825824,0.2865529773553257,-0.030111773637067463
hermes x medium,2,3,2126,0.3523838406976226,0.43226716839134527,-0.0798833276937227
hermes x medium,2,4,2772,0.43730845118768114,0.5876623376623377,-0.15035388647465653
hermes x medium,2,5,1238,0.5447732567225109,0.7536348949919225,-0.20886163826941162
hermes x medium,2,6,1323,0.627903361599154,0.9009826152683296,-0.2730792536691755
hermes x medium,2,7,1138,0.7171567344861706,0.9789103690685413,-0.2617536345823708
hermes x medium,2,8,75,0.8286240832865833,0.8933333333333333,-0.06470925004674999
hermes x medium,2,9,8,0.9024390243902439,1.0,-0.09756097560975607
hermes x medium,4,0,1,0.0,1.0,-1.0
hermes x medium,4,1,61,0.1510594872969274,0.3770491803278688,-0.22598969303094144
hermes x medium,4,2,723,0.26257503026464923,0.29045643153526973,-0.0278814012706205
hermes x medium,4,3,1469,0.3512011826244892,0.48672566371681414,-0.13552448109232496
hermes x medium,4,4,3382,0.4503091503905891,0.505913660555884,-0.05560451016529494
hermes x medium,4,5,2959,0.5501551259350281,0.6853666779317337,-0.13521155199670554
hermes x medium,4,6,1731,0.6573859233716708,0.8093587521663779,-0.15197282879470708
hermes x medium,4,7,1771,0.7500980586302018,0.9181253529079616,-0.16802729427775975
hermes x medium,4,8,1476,0.8285925370355197,0.9668021680216802,-0.13820963098616046
hermes x medium,4,9,177,0.9376734969559063,0.96045197740113,-0.02277848044522368
hermes x medium,8,1,1,0.15384615384615385,1.0,-0.8461538461538461
hermes x medium,8,2,11,0.2830466042752413,1.0,-0.7169533957247587
hermes x medium,8,3,27,0.36482117877481707,0.8518518518518519,-0.4870306730770348
hermes x medium,8,4,84,0.43892206847599335,0.8333333333333334,-0.39441126485734
hermes x medium,8,5,560,0.5548821291426987,0.7285714285714285,-0.1736892994287298
hermes x medium,8,6,2951,0.6626359919005514,0.7736360555743815,-0.11100006367383008
hermes x medium,8,7,3548,0.7490596094051317,0.9021984216459977,-0.153138812240866
hermes x medium,8,8,3574,0.8598508912846201,0.9823726916620034,-0.12252180037738325
hermes x medium,8,9,2861,0.9443685382005004,0.9891646277525341,-0.044796089552033735
hermes x medium,16,5,2,0.5853658536585366,1.0,-0.41463414634146345
hermes x medium,16,6,44,0.6647180467542896,1.0,-0.3352819532457104
hermes x medium,16,7,48,0.73278862490704,1.0,-0.26721137509296
hermes x medium,16,8,676,0.868066752734324,1.0,-0.131933247265676
hermes x medium,16,9,11384,0.9635224065140682,1.0,-0.036477593485931825
hermes x medium,32,9,8253,0.99218947888819,1.0,-0.00781052111181002
hermes x medium,64,9,1893,0.9996747783738521,1.0,-0.00032522162614789796
hermes x short,1,0,337,0.06424641729716059,0.4658753709198813,-0.4016289536227207
hermes x short,1,1,1071,0.14882017424073612,0.5359477124183006,-0.3871275381775645
hermes x short,1,2,1404,0.21986035374760324,0.38675213675213677,-0.16689178300453353
hermes x short,1,3,1586,0.3419416276183223,0.7150063051702396,-0.37306467755191725
hermes x short,1,4,348,0.45850236791140986,0.7413793103448276,-0.28287694243341777
hermes x short,1,5,85,0.5597005983734282,0.9176470588235294,-0.35794646045010114
hermes x short,1,6,28,0.6361601527787082,0.8214285714285714,-0.1852684186498632
hermes x short,1,7,23,0.7209302325581392,0.9565217391304348,-0.23559150657229566
hermes x short,1,8,40,0.8380265567765568,0.95,-0.11197344322344316
hermes x short,2,0,54,0.063576324749479,0.5555555555555556,-0.4919792308060766
hermes x short,2,1,374,0.154740221629638,0.7727272727272727,-0.6179870510976347
hermes x short,2,2,1866,0.2718021599013205,0.6093247588424437,-0.33752259894112324
hermes x short,2,3,915,0.35335378301388143,0.7224043715846995,-0.36905058857081807
hermes x short,2,4,1031,0.4327011894594479,0.8826382153249273,-0.44993702586547935
hermes x short,2,5,430,0.5328014053390638,0.8232558139534883,-0.2904544086144245
hermes x short,2,6,157,0.6406594321717239,0.9299363057324841,-0.28927687356076015
hermes x short,2,7,55,0.7389876027432167,0.9090909090909091,-0.17010330634769233
hermes x short,2,8,40,0.8574975289261003,1.0,-0.14250247107389968
hermes x short,4,1,15,0.14158737226788107,0.9333333333333333,-0.7917459610654523
hermes x short,4,2,269,0.2622185629658327,0.9591078066914498,-0.6968892437256171
hermes x short,4,3,489,0.3481408989262546,0.9734151329243353,-0.6252742339980808
hermes x short,4,4,1927,0.44739787887470767,0.8505448884276077,-0.4031470095529
hermes x short,4,5,1308,0.54297664583644,0.9380733944954128,-0.3950967486589728
hermes x short,4,6,491,0.6493585441608614,0.955193482688391,-0.30583493852752963
hermes x short,4,7,256,0.7527518518729689,0.99609375,-0.2433418981270311
hermes x short,4,8,121,0.830507092519093,0.9669421487603306,-0.13643505624123753
hermes x short,4,9,46,0.9238597322147709,1.0,-0.07614026778522909
hermes x short,8,3,3,0.35198135198135194,1.0,-0.6480186480186481
hermes x short,8,4,36,0.4325317949581211,1.0,-0.5674682050418789
hermes x short,8,5,320,0.5545614574575709,1.0,-0.4454385425424291
hermes x short,8,6,1879,0.6617515744739393,1.0,-0.3382484255260607
hermes x short,8,7,1650,0.7480437659239171,1.0,-0.2519562340760829
hermes x short,8,8,517,0.8520351866166864,1.0,-0.14796481338331358
hermes x short,8,9,506,0.9507409441529988,1.0,-0.04925905584700119
hermes x short,16,6,14,0.6939470979607291,1.0,-0.30605290203927094
hermes x short,16,7,12,0.7171633223520016,1.0,-0.28283667764799836
hermes x short,16,8,166,0.8712884750625048,1.0,-0.12871152493749516
hermes x short,16,9,4266,0.9525280158914995,1.0,-0.04747198410850051
hermes x short,32,9,3761,0.9909402213894849,1.0,-0.009059778610515101
hermes x short,64,9,1578,0.9997259261400101,1.0,-0.0002740738599898984
swe-agent x long,1,0,150702,0.05166068267372086,0.0916444373664583,-0.03998375469273744
swe-agent x long,1,1,119809,0.1411554001541698,0.2361425268552446,-0.09498712670107479
swe-agent x long,1,2,50815,0.241790246921301,0.2994588212142084,-0.05766857429290742
swe-agent x long,1,3,27361,0.3450834636184932,0.386425934724608,-0.04134247110611483
swe-agent x long,1,4,14995,0.43697321988946647,0.4699566522174058,-0.03298343232793932
swe-agent x long,1,5,16638,0.5355707746291858,0.6769443442721481,-0.14137356964296233
swe-agent x long,1,6,12772,0.6443634990566128,0.7603351080488568,-0.11597160899224401
swe-agent x long,1,7,14639,0.7615463640112957,0.8364642393606121,-0.07491787534931638
swe-agent x long,1,8,23142,0.8506317867741812,0.899749373433584,-0.0491175866594028
swe-agent x long,1,9,107937,0.9695230582081366,0.9817486126166189,-0.012225554408482386
swe-agent x long,2,0,63729,0.07182033906692856,0.10613692353559603,-0.03431658446866748
swe-agent x long,2,1,113579,0.14849886954619412,0.1938738675283283,-0.04537499798213418
swe-agent x long,2,2,81671,0.2471002383083121,0.2751037700040406,-0.02800353169572853
swe-agent x long,2,3,48013,0.3522676358510524,0.3204548768041989,0.031812759046853545
swe-agent x long,2,4,37650,0.43963445883690866,0.3903054448871182,0.049329013949790446
swe-agent x long,2,5,21160,0.5420680229267816,0.5645085066162571,-0.022440483689475488
swe-agent x long,2,6,17966,0.6445250529994029,0.7258710898363576,-0.08134603683695474
swe-agent x long,2,7,13760,0.7474034955243509,0.8125726744186047,-0.06516917889425378
swe-agent x long,2,8,26128,0.8539233766805622,0.9067284139620331,-0.0528050372814709
swe-agent x long,2,9,108317,0.9755832285108684,0.9847115411246619,-0.009128312613793432
swe-agent x long,4,0,4670,0.07354277060672226,0.1145610278372591,-0.04101825723053684
swe-agent x long,4,1,47818,0.16582768562016265,0.17880296122798947,-0.012975275607826825
swe-agent x long,4,2,84135,0.25438413304612073,0.2400665596957271,0.014317573350393631
swe-agent x long,4,3,65280,0.3461850666550136,0.3536151960784314,-0.007430129423417808
swe-agent x long,4,4,44573,0.44891226883230717,0.3463307383393534,0.10258153049295377
swe-agent x long,4,5,46995,0.5491501302169215,0.4245983615278221,0.1245517686890994
swe-agent x long,4,6,60764,0.6428232627559217,0.4817161477190442,0.16110711503687752
swe-agent x long,4,7,25582,0.751227966510057,0.7377843796419358,0.013443586868121193
swe-agent x long,4,8,25008,0.8508859691021182,0.8887955854126679,-0.037909616310549676
swe-agent x long,4,9,98316,0.9706745605456888,0.9785589324219862,-0.007884371876297425
swe-agent x long,8,0,361,0.07894632653117335,0.2188365650969529,-0.13989023856577953
swe-agent x long,8,1,4181,0.16420306746614471,0.2030614685481942,-0.03885840108204949
swe-agent x long,8,2,17699,0.2584890029468262,0.2661732301259958,-0.0076842271791696115
swe-agent x long,8,3,35148,0.35472122720343824,0.32055878001593263,0.03416244718750561
swe-agent x long,8,4,52343,0.4518605358118801,0.41711403626081806,0.03474649955106207
swe-agent x long,8,5,76608,0.5539249265530635,0.4504098788638262,0.10351504768923725
swe-agent x long,8,6,64926,0.6452382670299007,0.4826417767920402,0.16259649023786055
swe-agent x long,8,7,84359,0.7553720249861394,0.5500539361538188,0.2053180888323206
swe-agent x long,8,8,49098,0.8488518476147452,0.7865900851358507,0.06226176247889448
swe-agent x long,8,9,97782,0.9710524721623988,0.9766010104109141,-0.005548538248515311
swe-agent x long,16,1,40,0.18488011040193197,0.4,-0.21511988959806805
swe-agent x long,16,2,1056,0.2608827456219036,0.3693181818181818,-0.10843543619627821
swe-agent x long,16,3,5383,0.3546411326267841,0.37878506409065577,-0.02414393146387167
swe-agent x long,16,4,12162,0.45324536540395527,0.45222825193224797,0.0010171134717072983
swe-agent x long,16,5,26903,0.5514475851721414,0.5209827900234174,0.030464795148724022
swe-agent x long,16,6,44189,0.6548657699050876,0.6014392722170676,0.05342649768801999
swe-agent x long,16,7,81616,0.7514322936235831,0.6850372475985101,0.06639504602507296
swe-agent x long,16,8,145017,0.8542435301500323,0.6900708192832564,0.16417271086677587
swe-agent x long,16,9,141138,0.9623963628479296,0.9405192081508877,0.02187715469704188
swe-agent x long,32,4,654,0.45470724521525446,0.5764525993883792,-0.12174535417312476
swe-agent x long,32,5,3153,0.5653014180256958,0.6162385030130035,-0.05093708498730776
swe-agent x long,32,6,8105,0.6543364308736709,0.6682294879703886,-0.013893057096717731
swe-agent x long,32,7,24682,0.7564403002084944,0.7330848391540394,0.023355461054454962
swe-agent x long,32,8,65675,0.8613177665893619,0.8353863722877808,0.02593139430158109
swe-agent x long,32,9,293021,0.9588027287734828,0.9241453684206934,0.034657360352789435
swe-agent x long,64,7,172,0.7748456127356685,0.8430232558139535,-0.068177643078285
swe-agent x long,64,8,5125,0.865996197640758,0.879609756097561,-0.01361355845680301
swe-agent x long,64,9,288599,0.9845441406715051,0.9771308978894591,0.007413242782046026
swe-agent x medium,1,0,55461,0.044732534016898313,0.047276464542651594,-0.002543930525753281
swe-agent x medium,1,1,63342,0.14384468671185627,0.12852451769757822,0.015320169014278046
swe-agent x medium,1,2,31007,0.2415700473742122,0.1999870996871674,0.04158294768704479
swe-agent x medium,1,3,16186,0.3467478932941434,0.25769183244779437,0.08905606084634904
swe-agent x medium,1,4,8652,0.43408904912136514,0.35760517799352753,0.07648387112783761
swe-agent x medium,1,5,4921,0.5335233378320002,0.5224547856126803,0.011068552219319905
swe-agent x medium,1,6,2535,0.640477602365236,0.5830374753451677,0.05744012702006829
swe-agent x medium,1,7,1538,0.758979391436383,0.7464239271781534,0.01255546425822962
swe-agent x medium,1,8,2584,0.8476068835482181,0.8556501547987616,-0.008043271250543493
swe-agent x medium,1,9,1849,0.9600993446948466,0.934559221200649,0.025540123494197542
swe-agent x medium,2,0,27547,0.07427282850031738,0.057283914763858135,0.01698891373645925
swe-agent x medium,2,1,30026,0.15302572118146182,0.21141677213081997,-0.05839105094935815
swe-agent x medium,2,2,40665,0.2512995789948932,0.2688060986105988,-0.017506519615705596
swe-agent x medium,2,3,32678,0.3575483448752387,0.3063222963461656,0.05122604852907309
swe-agent x medium,2,4,30801,0.44052373254195426,0.3566767312749586,0.08384700126699568
swe-agent x medium,2,5,11827,0.5346105464908325,0.5325103576562104,0.002100188834622152
swe-agent x medium,2,6,6466,0.6377774463631078,0.6727497680173213,-0.03497232165421349
swe-agent x medium,2,7,2468,0.7423513874842748,0.8253646677471637,-0.0830132802628889
swe-agent x medium,2,8,3220,0.8500305228079132,0.8546583850931677,-0.004627862285254469
swe-agent x medium,2,9,2363,0.9567325752897631,0.9526026237833263,0.004129951506436802
swe-agent x medium,4,0,103,0.08238833300991272,0.7669902912621359,-0.6846019582522231
swe-agent x medium,4,1,13015,0.18361756170472582,0.17472147522089895,0.008896086483826865
swe-agent x medium,4,2,28553,0.26540910568412474,0.2945399782859945,-0.02913087260186975
swe-agent x medium,4,3,17737,0.3522153627564207,0.6020747589784067,-0.249859396221986
swe-agent x medium,4,4,22389,0.45395225315208176,0.5659028987449194,-0.11195064559283763
swe-agent x medium,4,5,32976,0.5522684247984382,0.6091399805919456,-0.056871555793507444
swe-agent x medium,4,6,53780,0.6409963308709431,0.6188359985124582,0.022160332358484913
swe-agent x medium,4,7,10761,0.748491522270302,0.8573552643806338,-0.10886374211033178
swe-agent x medium,4,8,4225,0.8449149240990612,0.9353846153846154,-0.09046969128555415
swe-agent x medium,4,9,4470,0.9462575403481572,0.9715883668903803,-0.025330826542223073
swe-agent x medium,8,0,3,0.08913308913308914,1.0,-0.9108669108669109
swe-agent x medium,8,1,67,0.1628521469903189,1.0,-0.8371478530096811
swe-agent x medium,8,2,688,0.2686917028950791,0.9447674418604651,-0.676075738965386
swe-agent x medium,8,3,3093,0.3639261229099701,0.9337213061752344,-0.5697951832652643
swe-agent x medium,8,4,9653,0.45693213576549396,0.8836631099140164,-0.42673097414852246
swe-agent x medium,8,5,34961,0.5626179075038968,0.7492920683046823,-0.18667416080078547
swe-agent x medium,8,6,39238,0.6472343678101231,0.7558998929609052,-0.1086655251507821
swe-agent x medium,8,7,69296,0.75983721276661,0.863960401754791,-0.10412318898818107
swe-agent x medium,8,8,23602,0.8394319924846205,0.9601728667062114,-0.12074087422159085
swe-agent x medium,8,9,7179,0.9516695463112776,0.9910851093467057,-0.039415563035428036
swe-agent x medium,16,2,18,0.25993115156988333,1.0,-0.7400688484301167
swe-agent x medium,16,3,144,0.35848702298379265,1.0,-0.6415129770162074
swe-agent x medium,16,4,690,0.4589227159381361,1.0,-0.5410772840618638
swe-agent x medium,16,5,2199,0.5581564823214519,1.0,-0.4418435176785481
swe-agent x medium,16,6,8855,0.6616680159442057,0.9971767363071711,-0.3355087203629654
swe-agent x medium,16,7,29699,0.7559619252138222,0.9932994376915047,-0.23733751247768253
swe-agent x medium,16,8,108994,0.858172710012596,0.9872928785070738,-0.12912016849447783
swe-agent x medium,16,9,36532,0.936262567540892,0.9982754845067339,-0.06201291696584188
swe-agent x medium,32,4,26,0.4615935420135002,1.0,-0.5384064579864998
swe-agent x medium,32,5,173,0.576477555443423,1.0,-0.42352244455657695
swe-agent x medium,32,6,587,0.6605400129305985,1.0,-0.3394599870694015
swe-agent x medium,32,7,2903,0.7612246152138188,1.0,-0.2387753847861812
swe-agent x medium,32,8,13304,0.8677081891251615,1.0,-0.13229181087483854
swe-agent x medium,32,9,165168,0.9589914805430058,1.0,-0.04100851945699424
swe-agent x medium,64,7,12,0.7816302640501918,1.0,-0.21836973594980824
swe-agent x medium,64,8,1091,0.8717778813556549,1.0,-0.12822211864434507
swe-agent x medium,64,9,163222,0.9880527118995406,1.0,-0.011947288100459419
swe-agent x short,1,0,30101,0.03938358628991522,0.06016411414903159,-0.02078052785911637
swe-agent x short,1,1,38616,0.13301789473761155,0.10464574269732753,0.028372152040284024
swe-agent x short,1,2,7737,0.24852696420009035,0.44073930464004135,-0.192212340439951
swe-agent x short,1,3,8055,0.3469150871189926,0.5842333954065798,-0.2373183082875872
swe-agent x short,1,4,2984,0.435725858700314,0.7634048257372654,-0.32767896703695143
swe-agent x short,1,5,516,0.5297595458688807,0.8352713178294574,-0.30551177196057666
swe-agent x short,1,6,467,0.6400225059599319,0.867237687366167,-0.2272151814062351
swe-agent x short,1,7,93,0.7546489180817575,0.8602150537634409,-0.10556613568168338
swe-agent x short,1,8,12,0.8685245541122805,0.9166666666666666,-0.04814211255438616
swe-agent x short,2,0,19658,0.07285342947815698,0.06506256994607794,0.007790859532079045
swe-agent x short,2,1,9968,0.15396157278022865,0.28130016051364365,-0.127338587733415
swe-agent x short,2,2,10761,0.24590111295804373,0.4539540934857355,-0.20805298052769178
swe-agent x short,2,3,22896,0.37537328529718084,0.6147798742138365,-0.23940658891665567
swe-agent x short,2,4,21165,0.4358217517526751,0.7266713914481455,-0.2908496396954704
swe-agent x short,2,5,3203,0.528649339861322,0.8963471745238839,-0.3676978346625619
swe-agent x short,2,6,635,0.648882643023883,0.9228346456692913,-0.2739520026454083
swe-agent x short,2,7,235,0.7331650619674208,0.9063829787234042,-0.17321791675598341
swe-agent x short,2,8,59,0.8317137783440203,0.9830508474576272,-0.1513370691136069
swe-agent x short,2,9,1,0.90625,1.0,-0.09375
swe-agent x short,4,0,5,0.08482834994462901,0.8,-0.7151716500553711
swe-agent x short,4,1,6860,0.1859995158628912,0.26924198250728865,-0.08324246664439744
swe-agent x short,4,2,15981,0.27845971672792724,0.499718415618547,-0.22125869889061978
swe-agent x short,4,3,2391,0.3567186356173047,0.877038895859473,-0.5203202602421684
swe-agent x short,4,4,8279,0.4660415802744987,0.9057857229133953,-0.4397441426388966
swe-agent x short,4,5,13541,0.5514722328725769,0.9562070748098368,-0.40473484193725995
swe-agent x short,4,6,39443,0.633895798561331,0.9458459042162107,-0.3119501056548797
swe-agent x short,4,7,1851,0.7364701076160857,0.9902755267423015,-0.2538054191262158
swe-agent x short,4,8,215,0.8379361642542592,1.0,-0.1620638357457408
swe-agent x short,4,9,15,0.9210145086114684,1.0,-0.07898549138853161
swe-agent x short,8,2,7,0.26213151927437645,1.0,-0.7378684807256235
swe-agent x short,8,3,44,0.366988792621056,1.0,-0.633011207378944
swe-agent x short,8,4,699,0.46627346213638593,1.0,-0.533726537863614
swe-agent x short,8,5,11331,0.573500733071003,0.9868502338716795,-0.41334950080067645
swe-agent x short,8,6,22604,0.6438700805983226,0.9826579366483809,-0.33878785605005823
swe-agent x short,8,7,48214,0.7681318398578281,0.9998548139544531,-0.231722974096625
swe-agent x short,8,8,5478,0.834924180172168,1.0,-0.16507581982783204
swe-agent x short,8,9,202,0.9271176450789707,1.0,-0.07288235492102935
swe-agent x short,16,5,60,0.5666656410200037,1.0,-0.4333343589799963
swe-agent x short,16,6,628,0.6638400536981016,1.0,-0.3361599463018984
swe-agent x short,16,7,6317,0.7672027005152378,1.0,-0.23279729948476224
swe-agent x short,16,8,72621,0.8616804840519128,1.0,-0.13831951594808722
swe-agent x short,16,9,8931,0.9168012802385532,1.0,-0.08319871976144677
swe-agent x short,32,6,3,0.694058229352347,1.0,-0.30594177064765304
swe-agent x short,32,7,245,0.7764951025419697,1.0,-0.22350489745803026
swe-agent x short,32,8,2341,0.8716135951085476,1.0,-0.12838640489145237
swe-agent x short,32,9,85708,0.9566516233021714,1.0,-0.04334837669782865
swe-agent x short,64,8,44,0.8834035598313754,1.0,-0.11659644016862458
swe-agent x short,64,9,86057,0.9899249541051158,1.0,-0.010075045894884171
terminalbench x long,1,0,9337,0.06006656610077576,0.1127771232729999,-0.052710557172224136
terminalbench x long,1,1,16499,0.1434902151055112,0.14552397114976665,-0.002033756044255458
terminalbench x long,1,2,5573,0.23496148187289054,0.1320653149111789,0.10289616696171164
terminalbench x long,1,3,1640,0.3348604319722987,0.22560975609756098,0.10925067587473772
terminalbench x long,1,4,347,0.46584245796463936,0.4034582132564842,0.06238424470815518
terminalbench x long,1,5,191,0.5467044058061113,0.2670157068062827,0.2796886989998286
terminalbench x long,1,6,89,0.6572932744383858,0.23595505617977527,0.4213382182586105
terminalbench x long,1,7,123,0.7364892800407608,0.4878048780487805,0.24868440199198028
terminalbench x long,1,8,12,0.8350877192982455,0.6666666666666666,0.16842105263157892
terminalbench x long,2,0,3578,0.06585353797043433,0.15595304639463387,-0.09009950842419953
terminalbench x long,2,1,9606,0.15237783028837423,0.1893608161565688,-0.03698298586819457
terminalbench x long,2,2,11603,0.24811504924317737,0.2258036714642765,0.02231137777890088
terminalbench x long,2,3,5785,0.33934119874659163,0.2048401037165082,0.13450109503008342
terminalbench x long,2,4,2219,0.4378468041054357,0.23974763406940064,0.19809917003603505
terminalbench x long,2,5,447,0.5273544985122889,0.2483221476510067,0.2790323508612822
terminalbench x long,2,6,281,0.620403879466734,0.594306049822064,0.02609782964467
terminalbench x long,2,7,195,0.7564838376626926,0.5692307692307692,0.18725306843192335
terminalbench x long,2,8,89,0.8291306488636864,0.5168539325842697,0.31227671627941667
terminalbench x long,2,9,8,0.9146634615384616,1.0,-0.08533653846153844
terminalbench x long,4,0,539,0.06744654023735282,0.15213358070500926,-0.08468704046765645
terminalbench x long,4,1,3007,0.1567732880232371,0.1875623545061523,-0.03078906648291521
terminalbench x long,4,2,7562,0.24980623128762805,0.2851097593229304,-0.03530352803530237
terminalbench x long,4,3,9316,0.3475447690478243,0.33297552597681407,0.014569243071010207
terminalbench x long,4,4,8351,0.4419459813775731,0.3459465932223686,0.09599938815520453
terminalbench x long,4,5,3254,0.5352705824353605,0.297480024585126,0.2377905578502345
terminalbench x long,4,6,1078,0.6399762919217675,0.3116883116883117,0.32828798023345585
terminalbench x long,4,7,397,0.7496565702986647,0.6297229219143576,0.11993364838430709
terminalbench x long,4,8,251,0.8402101625970498,0.5338645418326693,0.30634562076438054
terminalbench x long,4,9,56,0.944199105293197,0.5714285714285714,0.37277053386462555
terminalbench x long,8,0,59,0.06900726392251824,0.3898305084745763,-0.320823244552058
terminalbench x long,8,1,295,0.16235016560482743,0.2711864406779661,-0.10883627507313867
terminalbench x long,8,2,2047,0.2590860072364686,0.38348803126526626,-0.12440202402879769
terminalbench x long,8,3,3552,0.35478247962016873,0.38260135135135137,-0.027818871731182637
terminalbench x long,8,4,7181,0.4494344976875528,0.4731931485865478,-0.023758650898995037
terminalbench x long,8,5,8406,0.5468533550441558,0.5378301213418987,0.009023233702257105
terminalbench x long,8,6,8273,0.6375044891003226,0.5255650912607277,0.11193939783959495
terminalbench x long,8,7,2731,0.7382508481708564,0.4701574514829733,0.2680933966878831
terminalbench x long,8,8,967,0.8452340910711459,0.6308169596690796,0.2144171314020663
terminalbench x long,8,9,290,0.9410327771809485,0.6517241379310345,0.289308639249914
terminalbench x long,16,2,144,0.2648462502409873,0.5902777777777778,-0.3254315275367905
terminalbench x long,16,3,664,0.3737484433392332,0.5557228915662651,-0.1819744482270319
terminalbench x long,16,4,1527,0.44847899496237564,0.5088408644400786,-0.060361869477702945
terminalbench x long,16,5,3134,0.5466143707079981,0.547543075941289,-0.0009287052332909163
terminalbench x long,16,6,7253,0.6576802819631726,0.7157038466841307,-0.05802356472095804
terminalbench x long,16,7,9137,0.7505576562544162,0.7086571084601072,0.04190054779430896
terminalbench x long,16,8,9497,0.8379954198509219,0.7579235548067811,0.08007186504414077
terminalbench x long,16,9,2355,0.9347576562205581,0.8148619957537155,0.11989566046684252
terminalbench x long,32,5,476,0.5502632624305475,0.5483193277310925,0.0019439346994549744
terminalbench x long,32,6,2505,0.6622595426956135,0.7413173652694611,-0.07905782257384764
terminalbench x long,32,7,2665,0.7559770598398997,0.7924953095684804,-0.03651824972858064
terminalbench x long,32,8,11183,0.858674836853773,0.8758830367522131,-0.017208199898440135
terminalbench x long,32,9,15487,0.9409554469040312,0.9114095693162007,0.02954587758783056
terminalbench x long,64,6,242,0.6551794955047419,0.6157024793388429,0.03947701616589894
terminalbench x long,64,7,749,0.7689412507101854,0.7716955941255007,-0.00275434341531533
terminalbench x long,64,8,3128,0.8639748400400655,0.90153452685422,-0.03755968681415445
terminalbench x long,64,9,22131,0.9623689158490754,0.965161989968822,-0.002793074119746608
terminalbench x medium,1,0,477,0.06758352140736719,0.2578616352201258,-0.1902781138127586
terminalbench x medium,1,1,3686,0.1488160420685439,0.25149213239283774,-0.10267609032429384
terminalbench x medium,1,2,1869,0.2397718370495618,0.44034242910647403,-0.20057059205691224
terminalbench x medium,1,3,736,0.34294219445541485,0.453804347826087,-0.11086215337067212
terminalbench x medium,1,4,273,0.45301207515976816,0.5421245421245421,-0.08911246696477393
terminalbench x medium,1,5,383,0.5506999450208434,0.5744125326370757,-0.023712587616232295
terminalbench x medium,1,6,135,0.6374061166871363,0.674074074074074,-0.03666795738693773
terminalbench x medium,1,7,254,0.745258842940411,0.7165354330708661,0.028723409869544914
terminalbench x medium,1,8,32,0.8289473684210522,0.875,-0.04605263157894779
terminalbench x medium,2,0,79,0.07451507859183194,0.45569620253164556,-0.3811811239398136
terminalbench x medium,2,1,649,0.16114748255984748,0.5238828967642527,-0.36273541420440525
terminalbench x medium,2,2,2555,0.25981406906856397,0.4731898238747554,-0.21337575480619142
terminalbench x medium,2,3,2261,0.33996518379955787,0.5683325961963733,-0.22836741239681546
terminalbench x medium,2,4,907,0.43555288261454334,0.701212789415656,-0.2656599068011127
terminalbench x medium,2,5,509,0.5322381437216969,0.6286836935166994,-0.09644554979500253
terminalbench x medium,2,6,265,0.6374774527485833,0.7018867924528301,-0.06440933970424689
terminalbench x medium,2,7,344,0.7536382397413259,0.7616279069767442,-0.007989667235418274
terminalbench x medium,2,8,234,0.8384090891570015,0.7521367521367521,0.08627233702024939
terminalbench x medium,2,9,42,0.91580815018315,1.0,-0.08419184981685002
terminalbench x medium,4,0,4,0.08,1.0,-0.92
terminalbench x medium,4,1,54,0.16251105373455413,0.7962962962962963,-0.6337852425617422
terminalbench x medium,4,2,302,0.2616293874380515,0.7814569536423841,-0.5198275662043326
terminalbench x medium,4,3,1152,0.360207106894944,0.7838541666666666,-0.4236470597717226
terminalbench x medium,4,4,2612,0.4434468536834971,0.7844563552833078,-0.3410095015998107
terminalbench x medium,4,5,1851,0.5337256826685555,0.7936250675310643,-0.25989938486250885
terminalbench x medium,4,6,831,0.6407473164817605,0.8014440433212996,-0.16069672683953906
terminalbench x medium,4,7,336,0.7560206927809008,0.8690476190476191,-0.11302692626671829
terminalbench x medium,4,8,484,0.8425901240461636,0.9297520661157025,-0.08716194206953887
terminalbench x medium,4,9,219,0.9494565323256965,0.9178082191780822,0.03164831314761429
terminalbench x medium,8,3,85,0.35580828064130193,0.9647058823529412,-0.6088976017116392
terminalbench x medium,8,4,314,0.4559870050405672,0.9681528662420382,-0.512165861201471
terminalbench x medium,8,5,1262,0.5530012190372613,0.9809825673534073,-0.427981348316146
terminalbench x medium,8,6,2792,0.6391594131016896,0.9677650429799427,-0.32860562987825315
terminalbench x medium,8,7,1842,0.7333264239901282,0.9614549402823018,-0.22812851629217368
terminalbench x medium,8,8,811,0.8440355883303927,0.9790382244143033,-0.1350026360839106
terminalbench x medium,8,9,690,0.9496340165472018,0.9942028985507246,-0.044568882003522825
terminalbench x medium,16,4,14,0.4494226971185497,1.0,-0.5505773028814502
terminalbench x medium,16,5,41,0.5629358363123512,1.0,-0.4370641636876488
terminalbench x medium,16,6,301,0.6628555440405948,1.0,-0.33714445595940523
terminalbench x medium,16,7,1781,0.7638404603092411,0.9994385176866929,-0.23559805737745176
terminalbench x medium,16,8,3625,0.8419914382635878,0.9991724137931034,-0.1571809755295156
terminalbench x medium,16,9,1803,0.9445860846746773,1.0,-0.055413915325322693
terminalbench x medium,32,6,2,0.6774193548387096,1.0,-0.32258064516129037
terminalbench x medium,32,7,37,0.7580900118069149,1.0,-0.24190998819308507
terminalbench x medium,32,8,810,0.8660075392166634,1.0,-0.1339924607833366
terminalbench x medium,32,9,5718,0.9501556541565166,1.0,-0.049844345843483406
terminalbench x medium,64,8,35,0.8738631686800133,1.0,-0.12613683131998665
terminalbench x medium,64,9,4504,0.9764245029037643,1.0,-0.023575497096235742
terminalbench x short,1,0,26,0.0706522826893729,0.7307692307692307,-0.6601169480798579
terminalbench x short,1,1,1042,0.1648636522669739,0.6132437619961613,-0.4483801097291874
terminalbench x short,1,2,182,0.24590283691164153,0.7912087912087912,-0.5453059542971497
terminalbench x short,1,3,137,0.35818772907092045,0.8029197080291971,-0.44473197895827665
terminalbench x short,1,4,103,0.4584934809251866,0.8252427184466019,-0.3667492375214153
terminalbench x short,1,5,293,0.5368960673159815,0.7815699658703071,-0.24467389855432564
terminalbench x short,1,6,137,0.6344945787367344,0.8175182481751825,-0.18302366943844806
terminalbench x short,1,7,237,0.7483773929512137,0.9113924050632911,-0.16301501211207736
terminalbench x short,1,8,11,0.8267942583732057,1.0,-0.17320574162679425
terminalbench x short,2,0,2,0.043478260869565216,1.0,-0.9565217391304348
terminalbench x short,2,1,28,0.16381919255682534,0.9642857142857143,-0.800466521728889
terminalbench x short,2,2,384,0.2643474306153201,0.9322916666666666,-0.6679442360513466
terminalbench x short,2,3,766,0.32762719881835606,0.8668407310704961,-0.5392135322521401
terminalbench x short,2,4,82,0.43864972973089683,0.975609756097561,-0.5369600263666641
terminalbench x short,2,5,174,0.5200612088479503,0.9425287356321839,-0.4224675267842336
terminalbench x short,2,6,170,0.6252685790371506,0.9411764705882353,-0.3159078915510847
terminalbench x short,2,7,236,0.7514776149596372,0.961864406779661,-0.21038679182002384
terminalbench x short,2,8,305,0.8390885037998943,0.9770491803278688,-0.1379606765279745
terminalbench x short,2,9,21,0.9188034188034189,1.0,-0.08119658119658113
terminalbench x short,4,1,2,0.10869565217391304,1.0,-0.8913043478260869
terminalbench x short,4,2,13,0.27812320369727395,1.0,-0.721876796302726
terminalbench x short,4,3,65,0.3618880932856451,1.0,-0.6381119067143549
terminalbench x short,4,4,417,0.43688051387750537,1.0,-0.5631194861224946
terminalbench x short,4,5,705,0.5219215889721094,0.9957446808510638,-0.47382309187895444
terminalbench x short,4,6,212,0.6521675562410002,1.0,-0.3478324437589998
terminalbench x short,4,7,138,0.7550527441805492,1.0,-0.24494725581945076
terminalbench x short,4,8,264,0.8552940346135958,1.0,-0.14470596538640423
terminalbench x short,4,9,352,0.9348597852134543,1.0,-0.06514021478654575
terminalbench x short,8,3,2,0.3695652173913043,1.0,-0.6304347826086957
terminalbench x short,8,4,8,0.45784220834368056,1.0,-0.5421577916563194
terminalbench x short,8,5,62,0.5594864038892398,1.0,-0.44051359611076024
terminalbench x short,8,6,403,0.6307097034708731,1.0,-0.3692902965291269
terminalbench x short,8,7,747,0.7148558216881267,1.0,-0.28514417831187333
terminalbench x short,8,8,307,0.845819967195792,1.0,-0.154180032804208
terminalbench x short,8,9,616,0.9610774234807754,1.0,-0.038922576519224594
terminalbench x short,16,6,3,0.6895745675549322,1.0,-0.3104254324450678
terminalbench x short,16,7,158,0.7812193328171395,1.0,-0.2187806671828605
terminalbench x short,16,8,1028,0.8504766346801904,1.0,-0.1495233653198096
terminalbench x short,16,9,853,0.9666563044278924,1.0,-0.03334369557210759
terminalbench x short,32,8,27,0.8680632300970321,1.0,-0.13193676990296788
terminalbench x short,32,9,1622,0.9586783053147621,1.0,-0.04132169468523794
terminalbench x short,64,9,1380,0.987984884967255,1.0,-0.012015115032744994
