run_id,step,active_leaf_count,active_coding_leaf_count,active_validation_leaf_count,completed_leaf_count,coding_progress,validation_progress,num_reopens_so_far,num_invalidations_so_far,largest_progress_drop_so_far,num_splits_so_far,steps_since_new_subtask,denominator_growth_so_far,steps_since_completion,blocked_leaf_count,repeated_observation_loop_flag,validation_started,validation_complete,validation_failed,submit_without_validation,strong_completion_count,manual_only_completion_count,weak_product_completion_count,label_final_success,label_finish_step,label_success_by_horizon,label_shape_tags
hermes_pilot_h5_001,0,0,0,0,0,0,0,0,0,0,0,0,0,0,0,false,false,false,false,false,0,0,0,,19,false,no_validation_frontier
hermes_pilot_h5_001,2,1,1,0,0,0,0,0,0,0,0,0,0,2,0,false,false,false,false,false,0,0,0,,19,false,no_validation_frontier
hermes_pilot_h5_001,19,0,0,0,1,1,0,0,0,0,0,17,0,0,0,false,false,false,false,false,0,1,1,,19,false,no_validation_frontier
hermes_pilot_h5_002,0,0,0,0,0,0,0,0,0,0,0,0,0,0,0,false,false,false,false,false,0,0,0,,15,false,
hermes_pilot_h5_002,2,1,1,0,0,0,0,0,0,0,0,0,0,2,0,false,false,false,false,false,0,0,0,,15,false,
hermes_pilot_h5_002,13,0,0,0,1,1,0,0,0,0,0,11,0,0,0,false,false,false,false,false,0,1,0,,15,false,
hermes_pilot_h5_002,14,1,1,1,1,0.5,0,0,0,0.5,0,0,1,1,0,false,false,false,false,false,0,1,0,,15,false,
hermes_pilot_h5_002,15,0,0,0,2,1,1,0,0,0.5,0,1,1,0,0,false,true,true,false,false,0,2,0,,15,false,
hermes_pilot_h5_003,0,0,0,0,0,0,0,0,0,0,0,0,0,0,0,false,false,false,false,false,0,0,0,,51,false,stuck_loop
hermes_pilot_h5_003,2,1,1,1,0,0,0,0,0,0,0,0,0,2,0,false,false,false,false,false,0,0,0,,51,false,stuck_loop
hermes_pilot_h5_003,5,1,1,1,0,0,0,0,0,0,0,3,0,5,1,false,true,false,true,false,0,0,0,,51,false,stuck_loop
hermes_pilot_h5_003,6,2,2,1,0,0,0,0,0,0,0,0,1,6,1,false,true,false,true,false,0,0,0,,51,false,stuck_loop
hermes_pilot_h5_003,7,1,1,1,1,0.5,0,0,0,0,0,1,1,0,1,false,true,false,true,false,0,1,0,,51,false,stuck_loop
hermes_pilot_h5_003,8,2,2,2,1,0.333333,0,0,0,0.166667,0,0,2,1,1,false,true,false,true,false,0,1,0,,51,false,stuck_loop
hermes_pilot_h5_003,11,1,1,1,2,0.666667,0.5,0,0,0.166667,0,3,2,0,1,false,true,true,true,false,0,2,0,,51,false,stuck_loop
hermes_pilot_h5_003,12,2,2,1,2,0.5,0.5,0,0,0.166667,0,0,3,1,1,false,true,true,true,false,0,2,0,,51,false,stuck_loop
hermes_pilot_h5_003,25,2,2,1,2,0.5,0.5,0,0,0.166667,0,13,3,14,2,false,true,true,true,false,0,2,0,,51,false,stuck_loop
hermes_pilot_h5_003,30,3,3,2,2,0.4,0.333333,0,0,0.166667,0,0,4,19,2,false,true,true,true,false,0,2,0,,51,false,stuck_loop
hermes_pilot_h5_003,33,2,2,1,3,0.6,0.666667,0,0,0.166667,0,3,4,0,2,false,true,true,true,false,0,3,0,,51,false,stuck_loop
hermes_pilot_h5_003,34,3,3,1,3,0.5,0.666667,0,0,0.166667,0,0,5,1,2,false,true,true,true,false,0,3,0,,51,false,stuck_loop
hermes_pilot_h5_003,35,2,2,1,4,0.666667,0.666667,0,0,0.166667,0,1,5,0,2,false,true,true,true,false,0,4,0,,51,false,stuck_loop
hermes_pilot_h5_003,36,3,3,2,4,0.571429,0.5,0,0,0.166667,0,0,6,1,2,false,true,true,true,false,0,4,0,,51,false,stuck_loop
hermes_pilot_h5_003,39,2,2,1,5,0.714286,0.75,0,0,0.166667,0,3,6,0,2,false,true,true,true,false,0,5,0,,51,false,stuck_loop
hermes_pilot_h5_003,40,3,3,1,5,0.625,0.75,0,0,0.166667,0,0,7,1,2,false,true,true,true,false,0,5,0,,51,false,stuck_loop
hermes_pilot_h5_003,51,2,2,1,6,0.75,0.75,0,0,0.166667,0,11,7,0,2,false,true,true,true,false,0,6,1,,51,false,stuck_loop
hermes_pilot_h5_004,0,0,0,0,0,0,0,0,0,0,0,0,0,0,0,false,false,false,false,false,0,0,0,,27,false,stuck_loop
hermes_pilot_h5_004,2,1,1,0,0,0,0,0,0,0,0,0,0,2,0,false,false,false,false,false,0,0,0,,27,false,stuck_loop
hermes_pilot_h5_004,9,0,0,0,1,1,0,0,0,0,0,7,0,0,0,false,false,false,false,false,0,1,1,,27,false,stuck_loop
hermes_pilot_h5_004,10,1,1,1,1,0.5,0,0,0,0.5,0,0,1,1,0,false,false,false,false,false,0,1,1,,27,false,stuck_loop
hermes_pilot_h5_004,11,0,0,0,2,1,1,0,0,0.5,0,1,1,0,0,false,true,true,false,false,1,1,1,,27,false,stuck_loop
hermes_pilot_h5_004,12,1,1,0,2,0.666667,1,0,0,0.5,0,0,2,1,0,false,true,true,false,false,1,1,1,,27,false,stuck_loop
hermes_pilot_h5_004,15,0,0,0,3,1,1,0,0,0.5,0,3,2,0,0,false,true,true,false,false,2,1,1,,27,false,stuck_loop
hermes_pilot_h5_004,16,1,1,0,3,0.75,1,0,0,0.5,0,0,3,1,0,false,true,true,false,false,2,1,1,,27,false,stuck_loop
hermes_pilot_h5_004,27,1,1,0,3,0.75,1,0,0,0.5,0,11,3,12,1,false,true,true,false,false,2,1,1,,27,false,stuck_loop
hermes_pilot_h5_005,0,0,0,0,0,0,0,0,0,0,0,0,0,0,0,false,false,false,false,false,0,0,0,,19,false,stuck_loop
hermes_pilot_h5_005,2,1,1,0,0,0,0,0,0,0,0,0,0,2,0,false,false,false,false,false,0,0,0,,19,false,stuck_loop
hermes_pilot_h5_005,5,0,0,0,1,1,0,0,0,0,0,3,0,0,0,false,false,false,false,false,0,1,1,,19,false,stuck_loop
hermes_pilot_h5_005,6,1,1,1,1,0.5,0,0,0,0.5,0,0,1,1,0,false,false,false,false,false,0,1,1,,19,false,stuck_loop
hermes_pilot_h5_005,7,1,1,1,1,0.5,0,0,0,0.5,0,1,1,2,1,false,true,false,true,false,0,1,1,,19,false,stuck_loop
hermes_pilot_h5_005,8,2,2,1,1,0.333333,0,0,0,0.5,0,0,2,3,1,false,true,false,true,false,0,1,1,,19,false,stuck_loop
hermes_pilot_h5_005,9,1,1,1,2,0.666667,0,0,0,0.5,0,1,2,0,1,false,true,false,true,false,0,2,1,,19,false,stuck_loop
hermes_pilot_h5_005,10,2,2,2,2,0.5,0,0,0,0.5,0,0,3,1,1,false,true,false,true,false,0,2,1,,19,false,stuck_loop
hermes_pilot_h5_005,17,1,1,1,3,0.75,0.5,0,0,0.5,0,7,3,0,1,false,true,true,true,false,1,2,1,,19,false,stuck_loop
hermes_pilot_h5_005,18,2,1,1,3,0.75,0.5,0,0,0.5,0,0,3,1,1,false,true,true,true,false,1,2,1,,19,false,stuck_loop
hermes_pilot_h5_005,19,2,1,1,3,0.75,0.5,0,0,0.5,0,1,3,2,2,false,true,true,true,false,1,2,1,,19,false,stuck_loop
hermes_pilot_h5_006,0,0,0,0,0,0,0,0,0,0,0,0,0,0,0,false,false,false,false,false,0,0,0,,13,false,no_validation_frontier
hermes_pilot_h5_006,2,1,1,0,0,0,0,0,0,0,0,0,0,2,0,false,false,false,false,false,0,0,0,,13,false,no_validation_frontier
hermes_pilot_h5_006,13,0,0,0,1,1,0,0,0,0,0,11,0,0,0,false,false,false,false,false,0,1,1,,13,false,no_validation_frontier
hermes_pilot_h5_007,0,0,0,0,0,0,0,0,0,0,0,0,0,0,0,false,false,false,false,false,0,0,0,,29,false,
hermes_pilot_h5_007,2,1,1,0,0,0,0,0,0,0,0,0,0,2,0,false,false,false,false,false,0,0,0,,29,false,
hermes_pilot_h5_007,15,0,0,0,1,1,0,0,0,0,0,13,0,0,0,false,false,false,false,false,0,1,0,,29,false,
hermes_pilot_h5_007,16,1,1,1,1,0.5,0,0,0,0.5,0,0,1,1,0,false,false,false,false,false,0,1,0,,29,false,
hermes_pilot_h5_007,17,0,0,0,2,1,1,0,0,0.5,0,1,1,0,0,false,true,true,false,false,0,2,0,,29,false,
hermes_pilot_h5_007,18,1,1,0,2,0.666667,1,0,0,0.5,0,0,2,1,0,false,true,true,false,false,0,2,0,,29,false,
hermes_pilot_h5_007,23,0,0,0,3,1,1,0,0,0.5,0,5,2,0,0,false,true,true,false,false,0,3,0,,29,false,
hermes_pilot_h5_007,24,1,1,1,3,0.75,0.5,0,0,0.5,0,0,3,1,0,false,true,true,false,false,0,3,0,,29,false,
hermes_pilot_h5_007,25,0,0,0,4,1,1,0,0,0.5,0,1,3,0,0,false,true,true,false,false,0,4,0,,29,false,
hermes_pilot_h5_007,26,1,1,0,4,0.8,1,0,0,0.5,0,0,4,1,0,false,true,true,false,false,0,4,0,,29,false,
hermes_pilot_h5_007,29,0,0,0,5,1,1,0,0,0.5,0,3,4,0,0,false,true,true,false,false,0,5,0,,29,false,
hermes_pilot_h5_008,0,0,0,0,0,0,0,0,0,0,0,0,0,0,0,false,false,false,false,false,0,0,0,,49,false,stuck_loop
hermes_pilot_h5_008,2,1,1,1,0,0,0,0,0,0,0,0,0,2,0,false,false,false,false,false,0,0,0,,49,false,stuck_loop
hermes_pilot_h5_008,3,0,0,0,1,1,1,0,0,0,0,1,0,0,0,false,true,true,false,false,0,1,0,,49,false,stuck_loop
hermes_pilot_h5_008,4,1,1,0,1,0.5,1,0,0,0.5,0,0,1,1,0,false,true,true,false,false,0,1,0,,49,false,stuck_loop
hermes_pilot_h5_008,5,0,0,0,2,1,1,0,0,0.5,0,1,1,0,0,false,true,true,false,false,0,2,0,,49,false,stuck_loop
hermes_pilot_h5_008,6,1,1,1,2,0.666667,0.5,0,0,0.5,0,0,2,1,0,false,true,true,false,false,0,2,0,,49,false,stuck_loop
hermes_pilot_h5_008,7,1,1,1,2,0.666667,0.5,0,0,0.5,0,1,2,2,1,false,true,true,true,false,0,2,0,,49,false,stuck_loop
hermes_pilot_h5_008,8,2,2,1,2,0.5,0.5,0,0,0.5,0,0,3,3,1,false,true,true,true,false,0,2,0,,49,false,stuck_loop
hermes_pilot_h5_008,9,2,2,1,2,0.5,0.5,0,0,0.5,0,1,3,4,2,false,true,true,true,false,0,2,0,,49,false,stuck_loop
hermes_pilot_h5_008,12,3,3,2,2,0.4,0.333333,0,0,0.5,0,0,4,7,2,false,true,true,true,false,0,2,0,,49,false,stuck_loop
hermes_pilot_h5_008,13,3,3,2,2,0.4,0.333333,0,0,0.5,0,1,4,8,3,false,true,true,true,false,0,2,0,,49,false,stuck_loop
hermes_pilot_h5_008,14,4,4,2,2,0.333333,0.333333,0,0,0.5,0,0,5,9,3,false,true,true,true,false,0,2,0,,49,false,stuck_loop
hermes_pilot_h5_008,15,3,3,2,3,0.5,0.333333,0,0,0.5,0,1,5,0,3,false,true,true,true,false,0,3,0,,49,false,stuck_loop
hermes_pilot_h5_008,16,4,4,3,3,0.428571,0.25,0,0,0.5,0,0,6,1,3,false,true,true,true,false,0,3,0,,49,false,stuck_loop
hermes_pilot_h5_008,17,3,3,2,4,0.571429,0.5,0,0,0.5,0,1,6,0,3,false,true,true,true,false,0,4,0,,49,false,stuck_loop
hermes_pilot_h5_008,18,4,4,2,4,0.5,0.5,0,0,0.5,0,0,7,1,3,false,true,true,true,false,0,4,0,,49,false,stuck_loop
hermes_pilot_h5_008,29,3,3,2,5,0.625,0.5,0,0,0.5,0,11,7,0,3,false,true,true,true,false,0,5,0,,49,false,stuck_loop
hermes_pilot_h5_008,30,4,4,2,5,0.555556,0.5,0,0,0.5,0,0,8,1,3,false,true,true,true,false,0,5,0,,49,false,stuck_loop
hermes_pilot_h5_008,32,3,3,2,6,0.666667,0.5,0,0,0.5,0,2,8,0,3,false,true,true,true,false,0,6,1,,49,false,stuck_loop
hermes_pilot_h5_008,31,4,4,2,6,0.6,0.5,0,0,0.5,0,0,9,-1,3,false,true,true,true,false,0,6,1,,49,false,stuck_loop
hermes_pilot_h5_008,33,4,4,2,6,0.6,0.5,0,0,0.5,0,2,9,1,4,false,true,true,true,false,0,6,1,,49,false,stuck_loop
hermes_pilot_h5_008,36,5,4,2,6,0.6,0.5,0,0,0.5,0,0,9,4,4,false,true,true,true,false,0,6,1,,49,false,stuck_loop
hermes_pilot_h5_008,37,4,4,2,7,0.6,0.5,0,0,0.5,0,1,9,0,4,false,true,true,true,false,0,7,1,,49,false,stuck_loop
hermes_pilot_h5_008,38,5,5,3,7,0.545455,0.4,0,0,0.5,0,0,10,1,4,false,true,true,true,false,0,7,1,,49,false,stuck_loop
hermes_pilot_h5_008,39,5,5,3,7,0.545455,0.4,0,0,0.5,0,1,10,2,5,false,true,true,true,false,0,7,1,,49,false,stuck_loop
hermes_pilot_h5_008,42,6,6,3,7,0.5,0.4,0,0,0.5,0,0,11,5,5,false,true,true,true,false,0,7,1,,49,false,stuck_loop
hermes_pilot_h5_008,45,5,5,3,8,0.583333,0.4,0,0,0.5,0,3,11,0,5,false,true,true,true,false,0,8,1,,49,false,stuck_loop
hermes_pilot_h5_008,46,6,6,4,8,0.538462,0.333333,0,0,0.5,0,0,12,1,5,false,true,true,true,false,0,8,1,,49,false,stuck_loop
hermes_pilot_h5_008,47,6,6,4,8,0.538462,0.333333,0,0,0.5,0,1,12,2,6,false,true,true,true,false,0,8,1,,49,false,stuck_loop
hermes_pilot_h5_008,48,7,7,4,8,0.5,0.333333,0,0,0.5,0,0,13,3,6,false,true,true,true,false,0,8,1,,49,false,stuck_loop
hermes_pilot_h5_008,49,7,7,4,8,0.5,0.333333,0,0,0.5,0,1,13,4,7,false,true,true,true,false,0,8,1,,49,false,stuck_loop
hermes_pilot_h5_009,0,0,0,0,0,0,0,0,0,0,0,0,0,0,0,false,false,false,false,false,0,0,0,,21,false,stuck_loop
hermes_pilot_h5_009,2,1,1,0,0,0,0,0,0,0,0,0,0,2,0,false,false,false,false,false,0,0,0,,21,false,stuck_loop
hermes_pilot_h5_009,5,1,1,0,0,0,0,0,0,0,0,3,0,5,1,false,false,false,false,false,0,0,0,,21,false,stuck_loop
hermes_pilot_h5_009,6,2,1,0,0,0,0,0,0,0,0,0,0,6,1,false,false,false,false,false,0,0,0,,21,false,stuck_loop
hermes_pilot_h5_009,8,1,1,0,1,0,0,0,0,0,0,2,0,0,1,false,false,false,false,false,0,1,0,,21,false,stuck_loop
hermes_pilot_h5_009,7,2,2,0,1,0,0,0,0,0,0,0,1,-1,1,false,false,false,false,false,0,1,0,,21,false,stuck_loop
hermes_pilot_h5_009,9,1,1,0,2,0.5,0,0,0,0,0,2,1,0,1,false,false,false,false,false,0,2,0,,21,false,stuck_loop
hermes_pilot_h5_009,10,2,2,0,2,0.333333,0,0,0,0.166667,0,0,2,1,1,false,false,false,false,false,0,2,0,,21,false,stuck_loop
hermes_pilot_h5_009,11,1,1,0,3,0.666667,0,0,0,0.166667,0,1,2,0,1,false,false,false,false,false,0,3,1,,21,false,stuck_loop
hermes_pilot_h5_009,12,2,2,0,3,0.5,0,0,0,0.166667,0,0,3,1,1,false,false,false,false,false,0,3,1,,21,false,stuck_loop
hermes_pilot_h5_009,13,1,1,0,4,0.75,0,0,0,0.166667,0,1,3,0,1,false,false,false,false,false,0,4,1,,21,false,stuck_loop
hermes_pilot_h5_009,14,2,2,0,4,0.6,0,0,0,0.166667,0,0,4,1,1,false,false,false,false,false,0,4,1,,21,false,stuck_loop
hermes_pilot_h5_009,17,1,1,0,5,0.8,0,0,0,0.166667,0,3,4,0,1,false,false,false,false,false,0,5,2,,21,false,stuck_loop
hermes_pilot_h5_009,18,2,2,1,5,0.666667,0,0,0,0.166667,0,0,5,1,1,false,false,false,false,false,0,5,2,,21,false,stuck_loop
hermes_pilot_h5_009,21,1,1,0,6,0.833333,1,0,0,0.166667,0,3,5,0,1,false,true,true,false,false,0,6,2,,21,false,stuck_loop
hermes_pilot_h5_010,0,0,0,0,0,0,0,0,0,0,0,0,0,0,0,false,false,false,false,false,0,0,0,,15,false,stuck_loop
hermes_pilot_h5_010,2,1,1,0,0,0,0,0,0,0,0,0,0,2,0,false,false,false,false,false,0,0,0,,15,false,stuck_loop
hermes_pilot_h5_010,3,0,0,0,1,1,0,0,0,0,0,1,0,0,0,false,false,false,false,false,0,1,1,,15,false,stuck_loop
hermes_pilot_h5_010,4,1,1,1,1,0.5,0,0,0,0.5,0,0,1,1,0,false,false,false,false,false,0,1,1,,15,false,stuck_loop
hermes_pilot_h5_010,5,1,1,1,1,0.5,0,0,0,0.5,0,1,1,2,1,false,true,false,true,false,0,1,1,,15,false,stuck_loop
hermes_pilot_h5_010,6,2,2,1,1,0.333333,0,0,0,0.5,0,0,2,3,1,false,true,false,true,false,0,1,1,,15,false,stuck_loop
hermes_pilot_h5_010,7,1,1,1,2,0.666667,0,0,0,0.5,0,1,2,0,1,false,true,false,true,false,1,1,1,,15,false,stuck_loop
hermes_pilot_h5_010,8,2,2,1,2,0.5,0,0,0,0.5,0,0,3,1,1,false,true,false,true,false,1,1,1,,15,false,stuck_loop
hermes_pilot_h5_010,9,1,1,1,3,0.75,0,0,0,0.5,0,1,3,0,1,false,true,false,true,false,1,2,1,,15,false,stuck_loop
hermes_pilot_h5_010,10,2,2,1,3,0.6,0,0,0,0.5,0,0,4,1,1,false,true,false,true,false,1,2,1,,15,false,stuck_loop
hermes_pilot_h5_010,11,1,1,1,4,0.8,0,0,0,0.5,0,1,4,0,1,false,true,false,true,false,1,3,2,,15,false,stuck_loop
hermes_pilot_h5_010,12,2,2,2,4,0.666667,0,0,0,0.5,0,0,5,1,1,false,true,false,true,false,1,3,2,,15,false,stuck_loop
hermes_pilot_h5_010,13,1,1,1,5,0.833333,0.5,0,0,0.5,0,1,5,0,1,false,true,true,true,false,2,3,2,,15,false,stuck_loop
hermes_pilot_h5_010,14,2,1,1,5,0.833333,0.5,0,0,0.5,0,0,5,1,1,false,true,true,true,false,2,3,2,,15,false,stuck_loop
hermes_pilot_h5_010,15,2,1,1,5,0.833333,0.5,0,0,0.5,0,1,5,2,2,false,true,true,true,false,2,3,2,,15,false,stuck_loop
hermes_pilot_h5_011,0,0,0,0,0,0,0,0,0,0,0,0,0,0,0,false,false,false,false,false,0,0,0,,17,false,no_validation_frontier
hermes_pilot_h5_011,2,1,1,0,0,0,0,0,0,0,0,0,0,2,0,false,false,false,false,false,0,0,0,,17,false,no_validation_frontier
hermes_pilot_h5_011,13,0,0,0,1,1,0,0,0,0,0,11,0,0,0,false,false,false,false,false,0,1,1,,17,false,no_validation_frontier
hermes_pilot_h5_011,14,1,1,0,1,0.5,0,0,0,0.5,0,0,1,1,0,false,false,false,false,false,0,1,1,,17,false,no_validation_frontier
hermes_pilot_h5_011,17,0,0,0,2,1,0,0,0,0.5,0,3,1,0,0,false,false,false,false,false,0,2,1,,17,false,no_validation_frontier
hermes_pilot_h5_012,0,0,0,0,0,0,0,0,0,0,0,0,0,0,0,false,false,false,false,false,0,0,0,,25,false,stuck_loop
hermes_pilot_h5_012,2,1,1,0,0,0,0,0,0,0,0,0,0,2,0,false,false,false,false,false,0,0,0,,25,false,stuck_loop
hermes_pilot_h5_012,9,0,0,0,1,1,0,0,0,0,0,7,0,0,0,false,false,false,false,false,0,1,0,,25,false,stuck_loop
hermes_pilot_h5_012,10,1,1,1,1,0.5,0,0,0,0.5,0,0,1,1,0,false,false,false,false,false,0,1,0,,25,false,stuck_loop
hermes_pilot_h5_012,11,0,0,0,2,1,1,0,0,0.5,0,1,1,0,0,false,true,true,false,false,0,2,0,,25,false,stuck_loop
hermes_pilot_h5_012,12,1,1,0,2,0.666667,1,0,0,0.5,0,0,2,1,0,false,true,true,false,false,0,2,0,,25,false,stuck_loop
hermes_pilot_h5_012,21,1,1,0,2,0.666667,1,0,0,0.5,0,9,2,10,1,false,true,true,false,false,0,2,0,,25,false,stuck_loop
hermes_pilot_h5_012,22,2,2,1,2,0.5,0.5,0,0,0.5,0,0,3,11,1,false,true,true,false,false,0,2,0,,25,false,stuck_loop
hermes_pilot_h5_012,23,1,1,0,3,0.75,1,0,0,0.5,0,1,3,0,1,false,true,true,false,false,0,3,0,,25,false,stuck_loop
hermes_pilot_h5_012,24,2,2,0,3,0.6,1,0,0,0.5,0,0,4,1,1,false,true,true,false,false,0,3,0,,25,false,stuck_loop
hermes_pilot_h5_012,25,1,1,0,4,0.8,1,0,0,0.5,0,1,4,0,1,false,true,true,false,false,0,4,0,,25,false,stuck_loop
hermes_pilot_h5_013,0,0,0,0,0,0,0,0,0,0,0,0,0,0,0,false,false,false,false,false,0,0,0,,57,false,stuck_loop
hermes_pilot_h5_013,2,1,1,1,0,0,0,0,0,0,0,0,0,2,0,false,false,false,false,false,0,0,0,,57,false,stuck_loop
hermes_pilot_h5_013,7,0,0,0,1,1,1,0,0,0,0,5,0,0,0,false,true,true,false,false,0,1,0,,57,false,stuck_loop
hermes_pilot_h5_013,8,1,1,0,1,0.5,1,0,0,0.5,0,0,1,1,0,false,true,true,false,false,0,1,0,,57,false,stuck_loop
hermes_pilot_h5_013,11,1,1,0,1,0.5,1,0,0,0.5,0,3,1,4,1,false,true,true,false,false,0,1,0,,57,false,stuck_loop
hermes_pilot_h5_013,12,2,2,1,1,0.333333,0.5,0,0,0.5,0,0,2,5,1,false,true,true,false,false,0,1,0,,57,false,stuck_loop
hermes_pilot_h5_013,17,2,2,1,1,0.333333,0.5,0,0,0.5,0,5,2,10,2,false,true,true,true,false,0,1,0,,57,false,stuck_loop
hermes_pilot_h5_013,22,3,3,1,1,0.25,0.5,0,0,0.5,0,0,3,15,2,false,true,true,true,false,0,1,0,,57,false,stuck_loop
hermes_pilot_h5_013,29,2,2,1,2,0.5,0.5,0,0,0.5,0,7,3,0,2,false,true,true,true,false,0,2,1,,57,false,stuck_loop
hermes_pilot_h5_013,30,3,3,1,2,0.4,0.5,0,0,0.5,0,0,4,1,2,false,true,true,true,false,0,2,1,,57,false,stuck_loop
hermes_pilot_h5_013,32,3,3,1,2,0.4,0.5,0,0,0.5,0,2,4,3,3,false,true,true,true,false,0,2,1,,57,false,stuck_loop
hermes_pilot_h5_013,34,4,4,2,2,0.333333,0.333333,0,0,0.5,0,0,5,5,3,false,true,true,true,false,0,2,1,,57,false,stuck_loop
hermes_pilot_h5_013,35,3,3,1,3,0.5,0.666667,0,0,0.5,0,1,5,0,3,false,true,true,true,false,0,3,1,,57,false,stuck_loop
hermes_pilot_h5_013,36,4,4,1,3,0.428571,0.666667,0,0,0.5,0,0,6,1,3,false,true,true,true,false,0,3,1,,57,false,stuck_loop
hermes_pilot_h5_013,37,3,3,1,4,0.571429,0.666667,0,0,0.5,0,1,6,0,3,false,true,true,true,false,0,4,2,,57,false,stuck_loop
hermes_pilot_h5_013,38,4,4,1,4,0.5,0.666667,0,0,0.5,0,0,7,1,3,false,true,true,true,false,0,4,2,,57,false,stuck_loop
hermes_pilot_h5_013,41,3,3,1,5,0.625,0.666667,0,0,0.5,0,3,7,0,3,false,true,true,true,false,0,5,2,,57,false,stuck_loop
hermes_pilot_h5_013,42,4,3,1,5,0.625,0.666667,0,0,0.5,0,0,7,1,3,false,true,true,true,false,0,5,2,,57,false,stuck_loop
hermes_pilot_h5_013,43,3,3,1,6,0.625,0.666667,0,0,0.5,0,1,7,0,3,false,true,true,true,false,0,6,2,,57,false,stuck_loop
hermes_pilot_h5_013,44,4,4,1,6,0.555556,0.666667,0,0,0.5,0,0,8,1,3,false,true,true,true,false,0,6,2,,57,false,stuck_loop
hermes_pilot_h5_013,51,3,3,1,7,0.666667,0.666667,0,0,0.5,0,7,8,0,3,false,true,true,true,false,1,6,2,,57,false,stuck_loop
hermes_pilot_h5_013,52,4,4,2,7,0.6,0.5,0,0,0.5,0,0,9,1,3,false,true,true,true,false,1,6,2,,57,false,stuck_loop
hermes_pilot_h5_013,53,4,4,2,7,0.6,0.5,0,0,0.5,0,1,9,2,4,false,true,true,true,false,1,6,2,,57,false,stuck_loop
hermes_pilot_h5_013,54,5,5,2,7,0.545455,0.5,0,0,0.5,0,0,10,3,4,false,true,true,true,false,1,6,2,,57,false,stuck_loop
hermes_pilot_h5_013,57,5,5,2,7,0.545455,0.5,0,0,0.5,0,3,10,6,5,false,true,true,true,false,1,6,2,,57,false,stuck_loop
hermes_pilot_h5_014,0,0,0,0,0,0,0,0,0,0,0,0,0,0,0,false,false,false,false,false,0,0,0,,11,false,stuck_loop
hermes_pilot_h5_014,2,1,1,0,0,0,0,0,0,0,0,0,0,2,0,false,false,false,false,false,0,0,0,,11,false,stuck_loop
hermes_pilot_h5_014,3,0,0,0,1,1,0,0,0,0,0,1,0,0,0,false,false,false,false,false,0,1,1,,11,false,stuck_loop
hermes_pilot_h5_014,4,1,1,1,1,0.5,0,0,0,0.5,0,0,1,1,0,false,false,false,false,false,0,1,1,,11,false,stuck_loop
hermes_pilot_h5_014,7,0,0,0,2,1,1,0,0,0.5,0,3,1,0,0,false,true,true,false,false,1,1,1,,11,false,stuck_loop
hermes_pilot_h5_014,8,1,1,0,2,0.666667,1,0,0,0.5,0,0,2,1,0,false,true,true,false,false,1,1,1,,11,false,stuck_loop
hermes_pilot_h5_014,9,1,1,0,2,0.666667,1,0,0,0.5,0,1,2,2,1,false,true,true,false,false,1,1,1,,11,false,stuck_loop
hermes_pilot_h5_014,10,2,2,1,2,0.5,0.5,0,0,0.5,0,0,3,3,1,false,true,true,false,false,1,1,1,,11,false,stuck_loop
hermes_pilot_h5_014,11,1,1,0,3,0.75,1,0,0,0.5,0,1,3,0,1,false,true,true,false,false,1,2,1,,11,false,stuck_loop
hermes_pilot_h5_015,0,0,0,0,0,0,0,0,0,0,0,0,0,0,0,false,false,false,false,false,0,0,0,,29,false,stuck_loop
hermes_pilot_h5_015,2,1,1,0,0,0,0,0,0,0,0,0,0,2,0,false,false,false,false,false,0,0,0,,29,false,stuck_loop
hermes_pilot_h5_015,5,0,0,0,1,1,0,0,0,0,0,3,0,0,0,false,false,false,false,false,0,1,1,,29,false,stuck_loop
hermes_pilot_h5_015,6,1,1,1,1,0.5,0,0,0,0.5,0,0,1,1,0,false,false,false,false,false,0,1,1,,29,false,stuck_loop
hermes_pilot_h5_015,7,1,1,1,1,0.5,0,0,0,0.5,0,1,1,2,1,false,true,false,true,false,0,1,1,,29,false,stuck_loop
hermes_pilot_h5_015,8,2,2,1,1,0.333333,0,0,0,0.5,0,0,2,3,1,false,true,false,true,false,0,1,1,,29,false,stuck_loop
hermes_pilot_h5_015,9,1,1,1,2,0.666667,0,0,0,0.5,0,1,2,0,1,false,true,false,true,false,0,2,1,,29,false,stuck_loop
hermes_pilot_h5_015,10,2,2,2,2,0.5,0,0,0,0.5,0,0,3,1,1,false,true,false,true,false,0,2,1,,29,false,stuck_loop
hermes_pilot_h5_015,11,2,2,2,2,0.5,0,0,0,0.5,0,1,3,2,2,false,true,false,true,false,0,2,1,,29,false,stuck_loop
hermes_pilot_h5_015,12,3,3,2,2,0.4,0,0,0,0.5,0,0,4,3,2,false,true,false,true,false,0,2,1,,29,false,stuck_loop
hermes_pilot_h5_015,13,2,2,2,3,0.6,0,0,0,0.5,0,1,4,0,2,false,true,false,true,false,1,2,1,,29,false,stuck_loop
hermes_pilot_h5_015,14,3,3,3,3,0.5,0,0,0,0.5,0,0,5,1,2,false,true,false,true,false,1,2,1,,29,false,stuck_loop
hermes_pilot_h5_015,17,2,2,2,4,0.666667,0.333333,0,0,0.5,0,3,5,0,2,false,true,true,true,false,2,2,1,,29,false,stuck_loop
hermes_pilot_h5_015,18,3,3,2,4,0.571429,0.333333,0,0,0.5,0,0,6,1,2,false,true,true,true,false,2,2,1,,29,false,stuck_loop
hermes_pilot_h5_015,19,2,2,2,5,0.714286,0.333333,0,0,0.5,0,1,6,0,2,false,true,true,true,false,2,3,2,,29,false,stuck_loop
hermes_pilot_h5_015,20,3,3,3,5,0.625,0.25,0,0,0.5,0,0,7,1,2,false,true,true,true,false,2,3,2,,29,false,stuck_loop
hermes_pilot_h5_015,21,3,3,3,5,0.625,0.25,0,0,0.5,0,1,7,2,3,false,true,true,true,false,2,3,2,,29,false,stuck_loop
hermes_pilot_h5_015,22,4,4,3,5,0.555556,0.25,0,0,0.5,0,0,8,3,3,false,true,true,true,false,2,3,2,,29,false,stuck_loop
hermes_pilot_h5_015,25,3,3,3,6,0.666667,0.25,0,0,0.5,0,3,8,0,3,false,true,true,true,false,3,3,2,,29,false,stuck_loop
hermes_pilot_h5_015,26,4,4,4,6,0.6,0.2,0,0,0.5,0,0,9,1,3,false,true,true,true,false,3,3,2,,29,false,stuck_loop
hermes_pilot_h5_015,27,3,3,3,7,0.7,0.4,0,0,0.5,0,1,9,0,3,false,true,true,true,false,4,3,2,,29,false,stuck_loop
hermes_pilot_h5_015,28,4,3,3,7,0.7,0.4,0,0,0.5,0,0,9,1,3,false,true,true,true,false,4,3,2,,29,false,stuck_loop
hermes_pilot_h5_015,29,4,3,3,7,0.7,0.4,0,0,0.5,0,1,9,2,4,false,true,true,true,false,4,3,2,,29,false,stuck_loop
hermes_pilot_h5_016,0,0,0,0,0,0,0,0,0,0,0,0,0,0,0,false,false,false,false,false,0,0,0,,13,false,no_validation_frontier
hermes_pilot_h5_016,2,1,1,0,0,0,0,0,0,0,0,0,0,2,0,false,false,false,false,false,0,0,0,,13,false,no_validation_frontier
hermes_pilot_h5_016,13,0,0,0,1,1,0,0,0,0,0,11,0,0,0,false,false,false,false,false,0,1,1,,13,false,no_validation_frontier
hermes_pilot_h5_017,0,0,0,0,0,0,0,0,0,0,0,0,0,0,0,false,false,false,false,false,0,0,0,,21,false,stuck_loop
hermes_pilot_h5_017,2,1,1,0,0,0,0,0,0,0,0,0,0,2,0,false,false,false,false,false,0,0,0,,21,false,stuck_loop
hermes_pilot_h5_017,4,0,0,0,1,1,0,0,0,0,0,2,0,0,0,false,false,false,false,false,0,1,1,,21,false,stuck_loop
hermes_pilot_h5_017,3,1,1,0,1,0.5,0,0,0,0.5,0,0,1,-1,0,false,false,false,false,false,0,1,1,,21,false,stuck_loop
hermes_pilot_h5_017,9,0,0,0,2,1,0,0,0,0.5,0,6,1,0,0,false,false,false,false,false,0,2,1,,21,false,stuck_loop
hermes_pilot_h5_017,10,1,1,1,2,0.666667,0,0,0,0.5,0,0,2,1,0,false,false,false,false,false,0,2,1,,21,false,stuck_loop
hermes_pilot_h5_017,11,0,0,0,3,1,1,0,0,0.5,0,1,2,0,0,false,true,true,false,false,0,3,1,,21,false,stuck_loop
hermes_pilot_h5_017,12,1,1,0,3,0.75,1,0,0,0.5,0,0,3,1,0,false,true,true,false,false,0,3,1,,21,false,stuck_loop
hermes_pilot_h5_017,15,1,1,0,3,0.75,1,0,0,0.5,0,3,3,4,1,false,true,true,false,false,0,3,1,,21,false,stuck_loop
hermes_pilot_h5_017,18,2,2,1,3,0.6,0.5,0,0,0.5,0,0,4,7,1,false,true,true,false,false,0,3,1,,21,false,stuck_loop
hermes_pilot_h5_017,21,1,1,0,4,0.8,1,0,0,0.5,0,3,4,0,1,false,true,true,false,false,0,4,1,,21,false,stuck_loop
hermes_pilot_h5_018,0,0,0,0,0,0,0,0,0,0,0,0,0,0,0,false,false,false,false,false,0,0,0,,43,false,stuck_loop
hermes_pilot_h5_018,2,1,1,1,0,0,0,0,0,0,0,0,0,2,0,false,false,false,false,false,0,0,0,,43,false,stuck_loop
hermes_pilot_h5_018,3,0,0,0,1,1,1,0,0,0,0,1,0,0,0,false,true,true,false,false,0,1,0,,43,false,stuck_loop
hermes_pilot_h5_018,4,1,1,0,1,0.5,1,0,0,0.5,0,0,1,1,0,false,true,true,false,false,0,1,0,,43,false,stuck_loop
hermes_pilot_h5_018,5,0,0,0,2,1,1,0,0,0.5,0,1,1,0,0,false,true,true,false,false,0,2,0,,43,false,stuck_loop
hermes_pilot_h5_018,6,1,1,1,2,0.666667,0.5,0,0,0.5,0,0,2,1,0,false,true,true,false,false,0,2,0,,43,false,stuck_loop
hermes_pilot_h5_018,7,0,0,0,3,1,1,0,0,0.5,0,1,2,0,0,false,true,true,false,false,0,3,0,,43,false,stuck_loop
hermes_pilot_h5_018,8,1,1,0,3,0.75,1,0,0,0.5,0,0,3,1,0,false,true,true,false,false,0,3,0,,43,false,stuck_loop
hermes_pilot_h5_018,9,1,1,0,3,0.75,1,0,0,0.5,0,1,3,2,1,false,true,true,false,false,0,3,0,,43,false,stuck_loop
hermes_pilot_h5_018,10,2,2,1,3,0.6,0.666667,0,0,0.5,0,0,4,3,1,false,true,true,false,false,0,3,0,,43,false,stuck_loop
hermes_pilot_h5_018,11,2,2,1,3,0.6,0.666667,0,0,0.5,0,1,4,4,2,false,true,true,true,false,0,3,0,,43,false,stuck_loop
hermes_pilot_h5_018,12,3,3,1,3,0.5,0.666667,0,0,0.5,0,0,5,5,2,false,true,true,true,false,0,3,0,,43,false,stuck_loop
hermes_pilot_h5_018,23,3,3,1,3,0.5,0.666667,0,0,0.5,0,11,5,16,3,false,true,true,true,false,0,3,0,,43,false,stuck_loop
hermes_pilot_h5_018,30,4,4,1,3,0.428571,0.666667,0,0,0.5,0,0,6,23,3,false,true,true,true,false,0,3,0,,43,false,stuck_loop
hermes_pilot_h5_018,31,3,3,1,4,0.571429,0.666667,0,0,0.5,0,1,6,0,3,false,true,true,true,false,0,4,1,,43,false,stuck_loop
hermes_pilot_h5_018,32,4,4,1,4,0.5,0.666667,0,0,0.5,0,0,7,1,3,false,true,true,true,false,0,4,1,,43,false,stuck_loop
hermes_pilot_h5_018,43,4,4,1,4,0.5,0.666667,0,0,0.5,0,11,7,12,4,false,true,true,true,false,0,4,1,,43,false,stuck_loop
hermes_pilot_h5_019,0,0,0,0,0,0,0,0,0,0,0,0,0,0,0,false,false,false,false,false,0,0,0,,27,false,stuck_loop
hermes_pilot_h5_019,2,1,1,0,0,0,0,0,0,0,0,0,0,2,0,false,false,false,false,false,0,0,0,,27,false,stuck_loop
hermes_pilot_h5_019,11,0,0,0,1,1,0,0,0,0,0,9,0,0,0,false,false,false,false,false,0,1,1,,27,false,stuck_loop
hermes_pilot_h5_019,12,1,0,0,1,1,0,0,0,0,0,0,0,1,0,false,false,false,false,false,0,1,1,,27,false,stuck_loop
hermes_pilot_h5_019,13,0,0,0,2,1,0,0,0,0,0,1,0,0,0,false,false,false,false,false,0,2,1,,27,false,stuck_loop
hermes_pilot_h5_019,14,1,1,1,2,0.5,0,0,0,0.5,0,0,1,1,0,false,false,false,false,false,0,2,1,,27,false,stuck_loop
hermes_pilot_h5_019,15,0,0,0,3,1,1,0,0,0.5,0,1,1,0,0,false,true,true,false,false,1,2,1,,27,false,stuck_loop
hermes_pilot_h5_019,16,1,0,0,3,1,1,0,0,0.5,0,0,1,1,0,false,true,true,false,false,1,2,1,,27,false,stuck_loop
hermes_pilot_h5_019,17,0,0,0,4,1,1,0,0,0.5,0,1,1,0,0,false,true,true,false,false,2,2,1,,27,false,stuck_loop
hermes_pilot_h5_019,18,1,1,1,4,0.666667,0.5,0,0,0.5,0,0,2,1,0,false,true,true,false,false,2,2,1,,27,false,stuck_loop
hermes_pilot_h5_019,21,0,0,0,5,1,1,0,0,0.5,0,3,2,0,0,false,true,true,false,false,3,2,1,,27,false,stuck_loop
hermes_pilot_h5_019,22,1,0,0,5,1,1,0,0,0.5,0,0,2,1,0,false,true,true,false,false,3,2,1,,27,false,stuck_loop
hermes_pilot_h5_019,23,1,0,0,5,1,1,0,0,0.5,0,1,2,2,1,false,true,true,false,false,3,2,1,,27,false,stuck_loop
hermes_pilot_h5_019,24,2,1,1,5,0.75,0.666667,0,0,0.5,0,0,3,3,1,false,true,true,false,false,3,2,1,,27,false,stuck_loop
hermes_pilot_h5_019,25,2,1,1,5,0.75,0.666667,0,0,0.5,0,1,3,4,2,false,true,true,true,false,3,2,1,,27,false,stuck_loop
hermes_pilot_h5_019,26,3,2,1,5,0.6,0.666667,0,0,0.5,0,0,4,5,2,false,true,true,true,false,3,2,1,,27,false,stuck_loop
hermes_pilot_h5_019,27,2,1,1,6,0.8,0.666667,0,0,0.5,0,1,4,0,2,false,true,true,true,false,3,3,1,,27,false,stuck_loop
hermes_pilot_h5_020,0,0,0,0,0,0,0,0,0,0,0,0,0,0,0,false,false,false,false,false,0,0,0,,23,false,stuck_loop
hermes_pilot_h5_020,2,1,1,0,0,0,0,0,0,0,0,0,0,2,0,false,false,false,false,false,0,0,0,,23,false,stuck_loop
hermes_pilot_h5_020,5,0,0,0,1,1,0,0,0,0,0,3,0,0,0,false,false,false,false,false,0,1,1,,23,false,stuck_loop
hermes_pilot_h5_020,6,1,1,1,1,0.5,0,0,0,0.5,0,0,1,1,0,false,false,false,false,false,0,1,1,,23,false,stuck_loop
hermes_pilot_h5_020,9,0,0,0,2,1,1,0,0,0.5,0,3,1,0,0,false,true,true,false,false,1,1,1,,23,false,stuck_loop
hermes_pilot_h5_020,10,1,0,0,2,1,1,0,0,0.5,0,0,1,1,0,false,true,true,false,false,1,1,1,,23,false,stuck_loop
hermes_pilot_h5_020,11,1,0,0,2,1,1,0,0,0.5,0,1,1,2,1,false,true,true,false,false,1,1,1,,23,false,stuck_loop
hermes_pilot_h5_020,16,2,1,0,2,0.666667,1,0,0,0.5,0,0,2,7,1,false,true,true,false,false,1,1,1,,23,false,stuck_loop
hermes_pilot_h5_020,19,1,0,0,3,1,1,0,0,0.5,0,3,2,0,1,false,true,true,false,false,1,2,1,,23,false,stuck_loop
hermes_pilot_h5_020,20,2,0,0,3,1,1,0,0,0.5,0,0,2,1,1,false,true,true,false,false,1,2,1,,23,false,stuck_loop
hermes_pilot_h5_020,23,1,0,0,4,1,1,0,0,0.5,0,3,2,0,1,false,true,true,false,false,1,3,1,,23,false,stuck_loop
hermes_pilot_h5_021,0,0,0,0,0,0,0,0,0,0,0,0,0,0,0,false,false,false,false,false,0,0,0,,23,false,no_validation_frontier
hermes_pilot_h5_021,2,1,1,0,0,0,0,0,0,0,0,0,0,2,0,false,false,false,false,false,0,0,0,,23,false,no_validation_frontier
hermes_pilot_h5_021,23,0,0,0,1,1,0,0,0,0,0,21,0,0,0,false,false,false,false,false,0,1,1,,23,false,no_validation_frontier
hermes_pilot_h5_022,0,0,0,0,0,0,0,0,0,0,0,0,0,0,0,false,false,false,false,false,0,0,0,,21,false,stuck_loop
hermes_pilot_h5_022,2,1,1,0,0,0,0,0,0,0,0,0,0,2,0,false,false,false,false,false,0,0,0,,21,false,stuck_loop
hermes_pilot_h5_022,5,1,1,0,0,0,0,0,0,0,0,3,0,5,1,false,false,false,false,false,0,0,0,,21,false,stuck_loop
hermes_pilot_h5_022,6,2,2,0,0,0,0,0,0,0,0,0,1,6,1,false,false,false,false,false,0,0,0,,21,false,stuck_loop
hermes_pilot_h5_022,9,1,1,0,1,0.5,0,0,0,0,0,3,1,0,1,false,false,false,false,false,0,1,0,,21,false,stuck_loop
hermes_pilot_h5_022,10,2,2,1,1,0.333333,0,0,0,0.166667,0,0,2,1,1,false,false,false,false,false,0,1,0,,21,false,stuck_loop
hermes_pilot_h5_022,11,1,1,0,2,0.666667,1,0,0,0.166667,0,1,2,0,1,false,true,true,false,false,0,2,0,,21,false,stuck_loop
hermes_pilot_h5_022,12,2,2,0,2,0.5,1,0,0,0.166667,0,0,3,1,1,false,true,true,false,false,0,2,0,,21,false,stuck_loop
hermes_pilot_h5_022,21,2,2,0,2,0.5,1,0,0,0.166667,0,9,3,10,2,false,true,true,false,false,0,2,0,,21,false,stuck_loop
hermes_pilot_h5_023,0,0,0,0,0,0,0,0,0,0,0,0,0,0,0,false,false,false,false,false,0,0,0,,51,false,stuck_loop
hermes_pilot_h5_023,2,1,1,1,0,0,0,0,0,0,0,0,0,2,0,false,false,false,false,false,0,0,0,,51,false,stuck_loop
hermes_pilot_h5_023,3,1,1,1,0,0,0,0,0,0,0,1,0,3,1,false,true,false,true,false,0,0,0,,51,false,stuck_loop
hermes_pilot_h5_023,4,2,2,1,0,0,0,0,0,0,0,0,1,4,1,false,true,false,true,false,0,0,0,,51,false,stuck_loop
hermes_pilot_h5_023,13,1,1,1,1,0.5,0,0,0,0,0,9,1,0,1,false,true,false,true,false,0,1,0,,51,false,stuck_loop
hermes_pilot_h5_023,14,2,2,1,1,0.333333,0,0,0,0.166667,0,0,2,1,1,false,true,false,true,false,0,1,0,,51,false,stuck_loop
hermes_pilot_h5_023,15,1,1,1,2,0.666667,0,0,0,0.166667,0,1,2,0,1,false,true,false,true,false,0,2,1,,51,false,stuck_loop
hermes_pilot_h5_023,16,2,2,2,2,0.5,0,0,0,0.166667,0,0,3,1,1,false,true,false,true,false,0,2,1,,51,false,stuck_loop
hermes_pilot_h5_023,19,1,1,1,3,0.75,0.5,0,0,0.166667,0,3,3,0,1,false,true,true,true,false,0,3,1,,51,false,stuck_loop
hermes_pilot_h5_023,20,2,2,1,3,0.6,0.5,0,0,0.166667,0,0,4,1,1,false,true,true,true,false,0,3,1,,51,false,stuck_loop
hermes_pilot_h5_023,21,1,1,1,4,0.8,0.5,0,0,0.166667,0,1,4,0,1,false,true,true,true,false,0,4,2,,51,false,stuck_loop
hermes_pilot_h5_023,22,2,2,1,4,0.666667,0.5,0,0,0.166667,0,0,5,1,1,false,true,true,true,false,0,4,2,,51,false,stuck_loop
hermes_pilot_h5_023,31,1,1,1,5,0.833333,0.5,0,0,0.166667,0,9,5,0,1,false,true,true,true,false,0,5,2,,51,false,stuck_loop
hermes_pilot_h5_023,32,2,2,1,5,0.714286,0.5,0,0,0.166667,0,0,6,1,1,false,true,true,true,false,0,5,2,,51,false,stuck_loop
hermes_pilot_h5_023,33,2,2,1,5,0.714286,0.5,0,0,0.166667,0,1,6,2,2,false,true,true,true,false,0,5,2,,51,false,stuck_loop
hermes_pilot_h5_023,36,3,3,1,5,0.625,0.5,0,0,0.166667,0,0,7,5,2,false,true,true,true,false,0,5,2,,51,false,stuck_loop
hermes_pilot_h5_023,37,2,2,1,6,0.75,0.5,0,0,0.166667,0,1,7,0,2,false,true,true,true,false,0,6,2,,51,false,stuck_loop
hermes_pilot_h5_023,38,3,3,1,6,0.666667,0.5,0,0,0.166667,0,0,8,1,2,false,true,true,true,false,0,6,2,,51,false,stuck_loop
hermes_pilot_h5_023,39,2,2,1,7,0.777778,0.5,0,0,0.166667,0,1,8,0,2,false,true,true,true,false,0,7,3,,51,false,stuck_loop
hermes_pilot_h5_023,40,3,3,1,7,0.7,0.5,0,0,0.166667,0,0,9,1,2,false,true,true,true,false,0,7,3,,51,false,stuck_loop
hermes_pilot_h5_023,49,2,2,1,8,0.8,0.5,0,0,0.166667,0,9,9,0,2,false,true,true,true,false,0,8,3,,51,false,stuck_loop
hermes_pilot_h5_023,50,3,3,1,8,0.727273,0.5,0,0,0.166667,0,0,10,1,2,false,true,true,true,false,0,8,3,,51,false,stuck_loop
hermes_pilot_h5_023,51,2,2,1,9,0.818182,0.5,0,0,0.166667,0,1,10,0,2,false,true,true,true,false,0,9,4,,51,false,stuck_loop
hermes_pilot_h5_024,0,0,0,0,0,0,0,0,0,0,0,0,0,0,0,false,false,false,false,false,0,0,0,,15,false,stuck_loop
hermes_pilot_h5_024,2,1,0,0,0,0,0,0,0,0,0,0,0,2,0,false,false,false,false,false,0,0,0,,15,false,stuck_loop
hermes_pilot_h5_024,3,0,0,0,1,0,0,0,0,0,0,1,0,0,0,false,false,false,false,false,0,1,0,,15,false,stuck_loop
hermes_pilot_h5_024,4,1,1,0,1,0,0,0,0,0,0,0,0,1,0,false,false,false,false,false,0,1,0,,15,false,stuck_loop
hermes_pilot_h5_024,5,0,0,0,2,1,0,0,0,0,0,1,0,0,0,false,false,false,false,false,0,2,1,,15,false,stuck_loop
hermes_pilot_h5_024,6,1,1,1,2,0.5,0,0,0,0.5,0,0,1,1,0,false,false,false,false,false,0,2,1,,15,false,stuck_loop
hermes_pilot_h5_024,7,1,1,1,2,0.5,0,0,0,0.5,0,1,1,2,1,false,true,false,true,false,0,2,1,,15,false,stuck_loop
hermes_pilot_h5_024,8,2,1,1,2,0.5,0,0,0,0.5,0,0,1,3,1,false,true,false,true,false,0,2,1,,15,false,stuck_loop
hermes_pilot_h5_024,9,1,1,1,3,0.5,0,0,0,0.5,0,1,1,0,1,false,true,false,true,false,0,3,1,,15,false,stuck_loop
hermes_pilot_h5_024,10,2,2,2,3,0.333333,0,0,0,0.5,0,0,2,1,1,false,true,false,true,false,0,3,1,,15,false,stuck_loop
hermes_pilot_h5_024,11,2,2,2,3,0.333333,0,0,0,0.5,0,1,2,2,2,false,true,false,true,false,0,3,1,,15,false,stuck_loop
hermes_pilot_h5_024,12,3,3,2,3,0.25,0,0,0,0.5,0,0,3,3,2,false,true,false,true,false,0,3,1,,15,false,stuck_loop
hermes_pilot_h5_024,15,2,2,2,4,0.5,0,0,0,0.5,0,3,3,0,2,false,true,false,true,false,1,3,1,,15,false,stuck_loop
hermes_pilot_h5_025,0,0,0,0,0,0,0,0,0,0,0,0,0,0,0,false,false,false,false,false,0,0,0,,21,false,stuck_loop
hermes_pilot_h5_025,2,1,1,0,0,0,0,0,0,0,0,0,0,2,0,false,false,false,false,false,0,0,0,,21,false,stuck_loop
hermes_pilot_h5_025,3,1,1,0,0,0,0,0,0,0,0,1,0,3,1,false,false,false,false,false,0,0,0,,21,false,stuck_loop
hermes_pilot_h5_025,4,2,2,1,0,0,0,0,0,0,0,0,1,4,1,false,false,false,false,false,0,0,0,,21,false,stuck_loop
hermes_pilot_h5_025,5,2,2,1,0,0,0,0,0,0,0,1,1,5,2,false,true,false,true,false,0,0,0,,21,false,stuck_loop
hermes_pilot_h5_025,6,3,3,1,0,0,0,0,0,0,0,0,2,6,2,false,true,false,true,false,0,0,0,,21,false,stuck_loop
hermes_pilot_h5_025,9,2,2,1,1,0.333333,0,0,0,0,0,3,2,0,2,false,true,false,true,false,0,1,1,,21,false,stuck_loop
hermes_pilot_h5_025,10,3,3,2,1,0.25,0,0,0,0.083333,0,0,3,1,2,false,true,false,true,false,0,1,1,,21,false,stuck_loop
hermes_pilot_h5_025,11,2,2,1,2,0.5,0.5,0,0,0.083333,0,1,3,0,2,false,true,true,true,false,1,1,1,,21,false,stuck_loop
hermes_pilot_h5_025,12,3,3,1,2,0.4,0.5,0,0,0.1,0,0,4,1,2,false,true,true,true,false,1,1,1,,21,false,stuck_loop
hermes_pilot_h5_025,19,2,2,1,3,0.6,0.5,0,0,0.1,0,7,4,0,2,false,true,true,true,false,2,1,1,,21,false,stuck_loop
hermes_pilot_h5_025,20,3,2,1,3,0.6,0.5,0,0,0.1,0,0,4,1,2,false,true,true,true,false,2,1,1,,21,false,stuck_loop
hermes_pilot_h5_025,21,3,2,1,3,0.6,0.5,0,0,0.1,0,1,4,2,3,false,true,true,true,false,2,1,1,,21,false,stuck_loop
hermes_pilot_h5_026,0,0,0,0,0,0,0,0,0,0,0,0,0,0,0,false,false,false,false,false,0,0,0,,21,false,no_validation_frontier
hermes_pilot_h5_026,2,1,1,0,0,0,0,0,0,0,0,0,0,2,0,false,false,false,false,false,0,0,0,,21,false,no_validation_frontier
hermes_pilot_h5_026,21,0,0,0,1,1,0,0,0,0,0,19,0,0,0,false,false,false,false,false,0,1,1,,21,false,no_validation_frontier
hermes_pilot_h5_027,0,0,0,0,0,0,0,0,0,0,0,0,0,0,0,false,false,false,false,false,0,0,0,,17,false,stuck_loop
hermes_pilot_h5_027,2,1,1,0,0,0,0,0,0,0,0,0,0,2,0,false,false,false,false,false,0,0,0,,17,false,stuck_loop
hermes_pilot_h5_027,7,0,0,0,1,1,0,0,0,0,0,5,0,0,0,false,false,false,false,false,0,1,0,,17,false,stuck_loop
hermes_pilot_h5_027,8,1,1,0,1,0.5,0,0,0,0.5,0,0,1,1,0,false,false,false,false,false,0,1,0,,17,false,stuck_loop
hermes_pilot_h5_027,9,0,0,0,2,1,0,0,0,0.5,0,1,1,0,0,false,false,false,false,false,0,2,1,,17,false,stuck_loop
hermes_pilot_h5_027,10,1,1,0,2,0.666667,0,0,0,0.5,0,0,2,1,0,false,false,false,false,false,0,2,1,,17,false,stuck_loop
hermes_pilot_h5_027,13,1,1,0,2,0.666667,0,0,0,0.5,0,3,2,4,1,false,false,false,false,false,0,2,1,,17,false,stuck_loop
hermes_pilot_h5_027,16,2,2,1,2,0.5,0,0,0,0.5,0,0,3,7,1,false,false,false,false,false,0,2,1,,17,false,stuck_loop
hermes_pilot_h5_027,17,1,1,0,3,0.75,1,0,0,0.5,0,1,3,0,1,false,true,true,false,false,0,3,1,,17,false,stuck_loop
hermes_pilot_h5_028,0,0,0,0,0,0,0,0,0,0,0,0,0,0,0,false,false,false,false,false,0,0,0,,85,false,stuck_loop
hermes_pilot_h5_028,2,1,1,1,0,0,0,0,0,0,0,0,0,2,0,false,false,false,false,false,0,0,0,,85,false,stuck_loop
hermes_pilot_h5_028,5,0,0,0,1,1,1,0,0,0,0,3,0,0,0,false,true,true,false,false,0,1,0,,85,false,stuck_loop
hermes_pilot_h5_028,6,1,1,0,1,0.5,1,0,0,0.5,0,0,1,1,0,false,true,true,false,false,0,1,0,,85,false,stuck_loop
hermes_pilot_h5_028,7,0,0,0,2,1,1,0,0,0.5,0,1,1,0,0,false,true,true,false,false,0,2,0,,85,false,stuck_loop
hermes_pilot_h5_028,8,1,1,1,2,0.666667,0.5,0,0,0.5,0,0,2,1,0,false,true,true,false,false,0,2,0,,85,false,stuck_loop
hermes_pilot_h5_028,11,0,0,0,3,1,1,0,0,0.5,0,3,2,0,0,false,true,true,false,false,0,3,0,,85,false,stuck_loop
hermes_pilot_h5_028,12,1,1,0,3,0.75,1,0,0,0.5,0,0,3,1,0,false,true,true,false,false,0,3,0,,85,false,stuck_loop
hermes_pilot_h5_028,19,0,0,0,4,1,1,0,0,0.5,0,7,3,0,0,false,true,true,false,false,0,4,0,,85,false,stuck_loop
hermes_pilot_h5_028,20,1,1,1,4,0.8,0.666667,0,0,0.5,0,0,4,1,0,false,true,true,false,false,0,4,0,,85,false,stuck_loop
hermes_pilot_h5_028,37,1,1,1,4,0.8,0.666667,0,0,0.5,0,17,4,18,1,false,true,true,true,false,0,4,0,,85,false,stuck_loop
hermes_pilot_h5_028,62,2,2,1,4,0.666667,0.666667,0,0,0.5,0,0,5,43,1,false,true,true,true,false,0,4,0,,85,false,stuck_loop
hermes_pilot_h5_028,63,1,1,1,5,0.833333,0.666667,0,0,0.5,0,1,5,0,1,false,true,true,true,false,0,5,1,,85,false,stuck_loop
hermes_pilot_h5_028,64,2,2,2,5,0.714286,0.5,0,0,0.5,0,0,6,1,1,false,true,true,true,false,0,5,1,,85,false,stuck_loop
hermes_pilot_h5_028,67,1,1,1,6,0.857143,0.75,0,0,0.5,0,3,6,0,1,false,true,true,true,false,0,6,1,,85,false,stuck_loop
hermes_pilot_h5_028,68,2,2,1,6,0.75,0.75,0,0,0.5,0,0,7,1,1,false,true,true,true,false,0,6,1,,85,false,stuck_loop
hermes_pilot_h5_028,75,2,2,1,6,0.75,0.75,0,0,0.5,0,7,7,8,2,false,true,true,true,false,0,6,1,,85,false,stuck_loop
hermes_pilot_h5_028,82,3,3,2,6,0.666667,0.6,0,0,0.5,0,0,8,15,2,false,true,true,true,false,0,6,1,,85,false,stuck_loop
hermes_pilot_h5_028,85,2,2,1,7,0.777778,0.8,0,0,0.5,0,3,8,0,2,false,true,true,true,false,0,7,1,,85,false,stuck_loop
hermes_pilot_h5_029,0,0,0,0,0,0,0,0,0,0,0,0,0,0,0,false,false,false,false,false,0,0,0,,47,false,stuck_loop
hermes_pilot_h5_029,2,1,1,1,0,0,0,0,0,0,0,0,0,2,0,false,false,false,false,false,0,0,0,,47,false,stuck_loop
hermes_pilot_h5_029,3,0,0,0,1,1,1,0,0,0,0,1,0,0,0,false,true,true,false,false,0,1,0,,47,false,stuck_loop
hermes_pilot_h5_029,4,1,1,0,1,0.5,1,0,0,0.5,0,0,1,1,0,false,true,true,false,false,0,1,0,,47,false,stuck_loop
hermes_pilot_h5_029,41,0,0,0,2,1,1,0,0,0.5,0,37,1,0,0,false,true,true,false,false,0,2,1,,47,false,stuck_loop
hermes_pilot_h5_029,42,1,1,1,2,0.666667,0.5,0,0,0.5,0,0,2,1,0,false,true,true,false,false,0,2,1,,47,false,stuck_loop
hermes_pilot_h5_029,43,0,0,0,3,1,1,0,0,0.5,0,1,2,0,0,false,true,true,false,false,0,3,1,,47,false,stuck_loop
hermes_pilot_h5_029,44,1,0,0,3,1,1,0,0,0.5,0,0,2,1,0,false,true,true,false,false,0,3,1,,47,false,stuck_loop
hermes_pilot_h5_029,45,0,0,0,4,1,1,0,0,0.5,0,1,2,0,0,false,true,true,false,false,0,4,1,,47,false,stuck_loop
hermes_pilot_h5_029,46,1,1,1,4,0.75,0.666667,0,0,0.5,0,0,3,1,0,false,true,true,false,false,0,4,1,,47,false,stuck_loop
hermes_pilot_h5_029,47,1,1,1,4,0.75,0.666667,0,0,0.5,0,1,3,2,1,false,true,true,true,false,0,4,1,,47,false,stuck_loop
hermes_pilot_h5_030,0,0,0,0,0,0,0,0,0,0,0,0,0,0,0,false,false,false,false,false,0,0,0,,23,false,stuck_loop
hermes_pilot_h5_030,2,1,1,0,0,0,0,0,0,0,0,0,0,2,0,false,false,false,false,false,0,0,0,,23,false,stuck_loop
hermes_pilot_h5_030,5,0,0,0,1,1,0,0,0,0,0,3,0,0,0,false,false,false,false,false,0,1,0,,23,false,stuck_loop
hermes_pilot_h5_030,6,1,0,0,1,1,0,0,0,0,0,0,0,1,0,false,false,false,false,false,0,1,0,,23,false,stuck_loop
hermes_pilot_h5_030,7,0,0,0,2,1,0,0,0,0,0,1,0,0,0,false,false,false,false,false,0,2,0,,23,false,stuck_loop
hermes_pilot_h5_030,8,1,1,0,2,0.5,0,0,0,0.5,0,0,1,1,0,false,false,false,false,false,0,2,0,,23,false,stuck_loop
hermes_pilot_h5_030,9,0,0,0,3,1,0,0,0,0.5,0,1,1,0,0,false,false,false,false,false,0,3,1,,23,false,stuck_loop
hermes_pilot_h5_030,10,1,1,1,3,0.666667,0,0,0,0.5,0,0,2,1,0,false,false,false,false,false,0,3,1,,23,false,stuck_loop
hermes_pilot_h5_030,11,1,1,1,3,0.666667,0,0,0,0.5,0,1,2,2,1,false,true,false,true,false,0,3,1,,23,false,stuck_loop
hermes_pilot_h5_030,14,2,1,1,3,0.666667,0,0,0,0.5,0,0,2,5,1,false,true,false,true,false,0,3,1,,23,false,stuck_loop
hermes_pilot_h5_030,15,1,1,1,4,0.666667,0,0,0,0.5,0,1,2,0,1,false,true,false,true,false,0,4,1,,23,false,stuck_loop
hermes_pilot_h5_030,16,2,2,1,4,0.5,0,0,0,0.5,0,0,3,1,1,false,true,false,true,false,0,4,1,,23,false,stuck_loop
hermes_pilot_h5_030,17,1,1,1,5,0.75,0,0,0,0.5,0,1,3,0,1,false,true,false,true,false,0,5,1,,23,false,stuck_loop
hermes_pilot_h5_030,18,2,1,1,5,0.75,0,0,0,0.5,0,0,3,1,1,false,true,false,true,false,0,5,1,,23,false,stuck_loop
hermes_pilot_h5_030,23,1,1,1,6,0.75,0,0,0,0.5,0,5,3,0,1,false,true,false,true,false,0,6,1,,23,false,stuck_loop
