turn,kind,tool,percent_finished,confidence,rationale
1,system,,0,95,"Only tool/interface setup is known, with no repository inspection or code changes yet."
2,user,,5,90,"The concrete bug report is now known, but no code has been inspected or changed."
3,action,search_dir,10,85,"The agent has begun targeted code search for the exact validation error, but results are not yet known."
4,observation,,20,85,"The likely relevant validation locations have been identified, including germline-specific matches."
5,action,open,25,85,"The agent is inspecting the relevant germline TSV reader file but no exact code or fix is known yet."
6,observation,,28,85,"The relevant file is confirmed, but the validation implementation has not yet been examined."
7,action,search_file,32,85,"The agent is narrowing directly to the germline hyphen validation checks."
8,observation,,45,88,"The exact offending validation checks for patient, father, and mother columns have been located."
9,action,edit,42,80,"An edit was attempted, but commenting only an exception message line is likely incomplete or syntactically risky and does not address father or mother."
10,observation,,45,88,"The bad edit was rejected, leaving the repository unchanged while the exact validation sites remain known."
11,action,edit,40,82,"The attempted fix still appears structurally incomplete because it may leave an empty if block and still ignores father and mother."
12,observation,,45,88,"The second invalid edit was rejected, so no regression was introduced and the target code remains identified."
13,action,edit,55,78,"A syntactically plausible change is being applied for patientName only, but father and mother checks remain unaddressed."
14,observation,,58,78,"The patientName rejection has been removed, but the task explicitly includes father and mother columns too."
15,action,edit,68,78,"The agent is extending the fix to fatherName, leaving motherName still pending and no validation yet."
16,observation,,70,80,"Hyphen rejection has been removed for patientName and fatherName, but motherName is still unfixed and tests have not run."
17,action,edit,82,78,"The final identified germline hyphen check is being removed, though the implementation style and tests remain unverified."
18,observation,,85,80,"All identified germline hyphen rejections are disabled, but no tests or broader validation have been performed."
19,action,submit,86,78,"The agent submitted after disabling the three targeted checks, but did not run tests and left the fix as commented-out code rather than a cleaner minimal removal."
