session_class,source_nodes,jobs,deadline_s,target_frac,target_kw,full_node_kw,dest_nodes,workers,method,hit,node_kw,active_kw,cost_s,intensity_s_per_kw
ordinary_chat,1,360,10.0,0.25,1.2513565911611804,5.0054263646447215,12,4,additive LP,False,0.24223615534599957,0.05178122694029079,nan,nan
ordinary_chat,1,360,10.0,0.25,1.2513565911611804,5.0054263646447215,12,4,active-knee LP relaxation,True,1.2513565911611821,0.058909221946048876,15.369012747268773,12.281881004843928
ordinary_chat,1,360,10.0,0.25,1.2513565911611804,5.0054263646447215,12,4,active-knee MILP,True,1.2515282238337713,0.058910434285814876,15.377265723409277,12.286791005243598
ordinary_chat,1,360,10.0,0.25,1.2513565911611804,5.0054263646447215,12,4,live greedy,True,1.2605491997708722,0.058974154600204116,15.404286147575792,12.22029743097358
ordinary_chat,1,360,10.0,0.25,1.2513565911611804,5.0054263646447215,12,4,random jobs,True,1.257228323338515,0.058950697349925106,41.695127367975466,33.16432392905043
ordinary_chat,1,360,30.0,0.25,1.2513565911611804,5.0054263646447215,12,4,additive LP,False,0.24223615534599957,0.05178122694029079,nan,nan
ordinary_chat,1,360,30.0,0.25,1.2513565911611804,5.0054263646447215,12,4,active-knee LP relaxation,True,1.2513565911611821,0.058909221946048876,15.369012747268773,12.281881004843928
ordinary_chat,1,360,30.0,0.25,1.2513565911611804,5.0054263646447215,12,4,active-knee MILP,True,1.2515282238337713,0.058910434285814876,15.377265723409277,12.286791005243598
ordinary_chat,1,360,30.0,0.25,1.2513565911611804,5.0054263646447215,12,4,live greedy,True,1.2605491997708722,0.058974154600204116,15.404286147575792,12.22029743097358
ordinary_chat,1,360,30.0,0.25,1.2513565911611804,5.0054263646447215,12,4,random jobs,True,1.257228323338515,0.058950697349925106,57.34822007632607,45.61480123518087
ordinary_chat,1,360,120.0,0.25,1.2513565911611804,5.0054263646447215,12,4,additive LP,False,0.24223615534599957,0.05178122694029079,nan,nan
ordinary_chat,1,360,120.0,0.25,1.2513565911611804,5.0054263646447215,12,4,active-knee LP relaxation,True,1.2513565911611821,0.058909221946048876,15.369012747268773,12.281881004843928
ordinary_chat,1,360,120.0,0.25,1.2513565911611804,5.0054263646447215,12,4,active-knee MILP,True,1.2515282238337713,0.058910434285814876,15.377265723409277,12.286791005243598
ordinary_chat,1,360,120.0,0.25,1.2513565911611804,5.0054263646447215,12,4,live greedy,True,1.2605491997708722,0.058974154600204116,15.404286147575792,12.22029743097358
ordinary_chat,1,360,120.0,0.25,1.2513565911611804,5.0054263646447215,12,4,random jobs,True,1.257228323338515,0.058950697349925106,107.27769738259983,85.32873098000893
ordinary_chat,1,360,10.0,0.45,2.252441864090125,5.0054263646447215,12,4,additive LP,True,5.00497212542638,0.08542315609322987,58.01561579744063,11.591596185462912
ordinary_chat,1,360,10.0,0.45,2.252441864090125,5.0054263646447215,12,4,active-knee LP relaxation,True,2.252441864090126,0.0659804599990283,19.837845099887517,8.807261761626428
ordinary_chat,1,360,10.0,0.45,2.252441864090125,5.0054263646447215,12,4,active-knee MILP,True,2.2524448636391114,0.06598048118655897,19.842715354450625,8.809412241235593
ordinary_chat,1,360,10.0,0.45,2.252441864090125,5.0054263646447215,12,4,live greedy,True,2.268950310685679,0.0660970686026296,19.922786225510684,8.780618126225072
ordinary_chat,1,360,10.0,0.45,2.252441864090125,5.0054263646447215,12,4,random jobs,True,2.2800582629731516,0.06617553042504361,46.91378866394238,20.57569730817655
ordinary_chat,1,360,30.0,0.45,2.252441864090125,5.0054263646447215,12,4,additive LP,True,5.0054263646447215,0.0854263646447217,73.86530705416558,14.757045988310818
ordinary_chat,1,360,30.0,0.45,2.252441864090125,5.0054263646447215,12,4,active-knee LP relaxation,True,2.252441864090126,0.0659804599990283,19.837845099887517,8.807261761626428
ordinary_chat,1,360,30.0,0.45,2.252441864090125,5.0054263646447215,12,4,active-knee MILP,True,2.2524448636391114,0.06598048118655897,19.842715354450625,8.809412241235593
ordinary_chat,1,360,30.0,0.45,2.252441864090125,5.0054263646447215,12,4,live greedy,True,2.268950310685679,0.0660970686026296,19.922786225510684,8.780618126225072
ordinary_chat,1,360,30.0,0.45,2.252441864090125,5.0054263646447215,12,4,random jobs,True,2.2800582629731516,0.06617553042504361,62.566881372293,27.440913413636633
ordinary_chat,1,360,120.0,0.45,2.252441864090125,5.0054263646447215,12,4,additive LP,True,5.0054263646447215,0.0854263646447217,144.02843340608013,28.774458540317188
ordinary_chat,1,360,120.0,0.45,2.252441864090125,5.0054263646447215,12,4,active-knee LP relaxation,True,2.252441864090126,0.0659804599990283,19.837845099887517,8.807261761626428
ordinary_chat,1,360,120.0,0.45,2.252441864090125,5.0054263646447215,12,4,active-knee MILP,True,2.2524448636391114,0.06598048118655897,19.842715354450625,8.809412241235593
ordinary_chat,1,360,120.0,0.45,2.252441864090125,5.0054263646447215,12,4,live greedy,True,2.268950310685679,0.0660970686026296,19.922786225510684,8.780618126225072
ordinary_chat,1,360,120.0,0.45,2.252441864090125,5.0054263646447215,12,4,random jobs,True,2.2800582629731516,0.06617553042504361,121.99990320768981,53.50736215337073
ordinary_chat,1,360,10.0,0.65,3.253527137019069,5.0054263646447215,12,4,additive LP,True,5.00497212542638,0.08542315609322987,58.01561579744063,11.591596185462912
ordinary_chat,1,360,10.0,0.65,3.253527137019069,5.0054263646447215,12,4,active-knee LP relaxation,True,3.2535271370190775,0.0730516980520078,26.141054119170317,8.034681445171863
ordinary_chat,1,360,10.0,0.65,3.253527137019069,5.0054263646447215,12,4,active-knee MILP,True,3.2535840765358497,0.07305210024839265,26.146085078461347,8.036087116058043
ordinary_chat,1,360,10.0,0.65,3.253527137019069,5.0054263646447215,12,4,live greedy,True,3.2639431813981963,0.07312527253299046,26.218559495246005,8.032786736200045
ordinary_chat,1,360,10.0,0.65,3.253527137019069,5.0054263646447215,12,4,random jobs,True,3.334885530426811,0.07362637893379798,50.57852033610927,15.166493684608133
ordinary_chat,1,360,30.0,0.65,3.253527137019069,5.0054263646447215,12,4,additive LP,True,5.0054263646447215,0.0854263646447217,73.86530705416558,14.757045988310818
ordinary_chat,1,360,30.0,0.65,3.253527137019069,5.0054263646447215,12,4,active-knee LP relaxation,True,3.2535271370190775,0.0730516980520078,26.141054119170317,8.034681445171863
ordinary_chat,1,360,30.0,0.65,3.253527137019069,5.0054263646447215,12,4,active-knee MILP,True,3.2535840765358497,0.07305210024839265,26.146085078461347,8.036087116058043
ordinary_chat,1,360,30.0,0.65,3.253527137019069,5.0054263646447215,12,4,live greedy,True,3.2639431813981963,0.07312527253299046,26.218559495246005,8.032786736200045
ordinary_chat,1,360,30.0,0.65,3.253527137019069,5.0054263646447215,12,4,random jobs,True,3.334885530426811,0.07362637893379798,66.23161304445989,19.860235813246437
ordinary_chat,1,360,120.0,0.65,3.253527137019069,5.0054263646447215,12,4,additive LP,True,5.0054263646447215,0.0854263646447217,144.02843340608013,28.774458540317188
ordinary_chat,1,360,120.0,0.65,3.253527137019069,5.0054263646447215,12,4,active-knee LP relaxation,True,3.2535271370190775,0.0730516980520078,26.141054119170317,8.034681445171863
ordinary_chat,1,360,120.0,0.65,3.253527137019069,5.0054263646447215,12,4,active-knee MILP,True,3.2535840765358497,0.07305210024839265,26.146085078461347,8.036087116058043
ordinary_chat,1,360,120.0,0.65,3.253527137019069,5.0054263646447215,12,4,live greedy,True,3.2639431813981963,0.07312527253299046,26.218559495246005,8.032786736200045
ordinary_chat,1,360,120.0,0.65,3.253527137019069,5.0054263646447215,12,4,random jobs,True,3.334885530426811,0.07362637893379798,132.99841470812558,39.88095348241352
ordinary_chat,2,720,10.0,0.25,2.502848713297583,10.011394853190332,24,9,additive LP,False,0.40003233191777055,0.10350430056782135,nan,nan
ordinary_chat,2,720,10.0,0.25,2.502848713297583,10.011394853190332,24,9,active-knee LP relaxation,True,2.5028487132975914,0.0630894641959512,19.889056291984176,7.946567519768162
ordinary_chat,2,720,10.0,0.25,2.502848713297583,10.011394853190332,24,9,active-knee MILP,True,2.5035910373364385,0.0630947076553578,19.894804365181113,7.946507264360206
ordinary_chat,2,720,10.0,0.25,2.502848713297583,10.011394853190332,24,9,live greedy,True,2.551472756041483,0.11627779515977266,30.357064853008232,11.89785968951756
ordinary_chat,2,720,10.0,0.25,2.502848713297583,10.011394853190332,24,9,random jobs,True,2.5391761152109864,0.11861429701893392,78.77362276725597,31.023300154471748
ordinary_chat,2,720,30.0,0.25,2.502848713297583,10.011394853190332,24,9,additive LP,False,0.40003233191777055,0.10350430056782135,nan,nan
ordinary_chat,2,720,30.0,0.25,2.502848713297583,10.011394853190332,24,9,active-knee LP relaxation,True,2.5028487132975914,0.0630894641959512,19.889056291984176,7.946567519768162
ordinary_chat,2,720,30.0,0.25,2.502848713297583,10.011394853190332,24,9,active-knee MILP,True,2.5035910373364385,0.0630947076553578,19.894804365181113,7.946507264360206
ordinary_chat,2,720,30.0,0.25,2.502848713297583,10.011394853190332,24,9,live greedy,True,2.551472756041483,0.11627779515977266,30.357064853008232,11.89785968951756
ordinary_chat,2,720,30.0,0.25,2.502848713297583,10.011394853190332,24,9,random jobs,True,2.5391761152109864,0.11861429701893392,94.32231243302753,37.146817768168106
ordinary_chat,2,720,120.0,0.25,2.502848713297583,10.011394853190332,24,9,additive LP,False,0.40003233191777055,0.10350430056782135,nan,nan
ordinary_chat,2,720,120.0,0.25,2.502848713297583,10.011394853190332,24,9,active-knee LP relaxation,True,2.5028487132975914,0.0630894641959512,19.889056291984176,7.946567519768162
ordinary_chat,2,720,120.0,0.25,2.502848713297583,10.011394853190332,24,9,active-knee MILP,True,2.5035910373364385,0.0630947076553578,19.894804365181113,7.946507264360206
ordinary_chat,2,720,120.0,0.25,2.502848713297583,10.011394853190332,24,9,live greedy,True,2.551472756041483,0.11627779515977266,30.357064853008232,11.89785968951756
ordinary_chat,2,720,120.0,0.25,2.502848713297583,10.011394853190332,24,9,random jobs,True,2.5391761152109864,0.11861429701893392,164.59867076605587,64.82365275099438
ordinary_chat,2,720,10.0,0.45,4.505127683935649,10.011394853190332,24,9,additive LP,True,10.011394853190332,0.1713948531903319,110.36670021906811,11.024108212443299
ordinary_chat,2,720,10.0,0.45,4.505127683935649,10.011394853190332,24,9,active-knee LP relaxation,True,4.505127683935667,0.07723270616816769,35.89797377533327,7.968247804238236
ordinary_chat,2,720,10.0,0.45,4.505127683935649,10.011394853190332,24,9,active-knee MILP,True,4.505776698634136,0.07723729053031632,35.91095390243362,7.969980827793691
ordinary_chat,2,720,10.0,0.45,4.505127683935649,10.011394853190332,24,9,live greedy,True,4.511087530035077,0.13011967550079706,46.21850189685219,10.245534272861429
ordinary_chat,2,720,10.0,0.45,4.505127683935649,10.011394853190332,24,9,random jobs,True,4.529001163869329,0.1326695698147043,84.56826137792069,18.67260756137016
ordinary_chat,2,720,30.0,0.45,4.505127683935649,10.011394853190332,24,9,additive LP,True,10.011394853190332,0.1713948531903319,125.95994380985151,12.58165776667093
ordinary_chat,2,720,30.0,0.45,4.505127683935649,10.011394853190332,24,9,active-knee LP relaxation,True,4.505127683935667,0.07723270616816769,35.89797377533327,7.968247804238236
ordinary_chat,2,720,30.0,0.45,4.505127683935649,10.011394853190332,24,9,active-knee MILP,True,4.505776698634136,0.07723729053031632,35.91095390243362,7.969980827793691
ordinary_chat,2,720,30.0,0.45,4.505127683935649,10.011394853190332,24,9,live greedy,True,4.511087530035077,0.13011967550079706,46.21850189685219,10.245534272861429
ordinary_chat,2,720,30.0,0.45,4.505127683935649,10.011394853190332,24,9,random jobs,True,4.529001163869329,0.1326695698147043,100.11695104369223,22.105746371272254
ordinary_chat,2,720,120.0,0.45,4.505127683935649,10.011394853190332,24,9,additive LP,True,10.011394853190332,0.1713948531903319,195.6576008410619,19.54349056352639
ordinary_chat,2,720,120.0,0.45,4.505127683935649,10.011394853190332,24,9,active-knee LP relaxation,True,4.505127683935667,0.07723270616816769,35.89797377533327,7.968247804238236
ordinary_chat,2,720,120.0,0.45,4.505127683935649,10.011394853190332,24,9,active-knee MILP,True,4.505776698634136,0.07723729053031632,35.91095390243362,7.969980827793691
ordinary_chat,2,720,120.0,0.45,4.505127683935649,10.011394853190332,24,9,live greedy,True,4.511087530035077,0.13011967550079706,46.21850189685219,10.245534272861429
ordinary_chat,2,720,120.0,0.45,4.505127683935649,10.011394853190332,24,9,random jobs,True,4.529001163869329,0.1326695698147043,170.39330937672057,37.622712649326395
ordinary_chat,2,720,10.0,0.65,6.507406654573716,10.011394853190332,24,9,additive LP,True,10.011394853190332,0.1713948531903319,110.36670021906811,11.024108212443299
ordinary_chat,2,720,10.0,0.65,6.507406654573716,10.011394853190332,24,9,active-knee LP relaxation,True,6.507406654573688,0.14664417973895297,49.31845336551481,7.57881841160974
ordinary_chat,2,720,10.0,0.65,6.507406654573716,10.011394853190332,24,9,active-knee MILP,True,6.507522787995501,0.1466450000557569,49.322159975902665,7.579252748355764
ordinary_chat,2,720,10.0,0.65,6.507406654573716,10.011394853190332,24,9,live greedy,True,6.54714460904727,0.14692487164744455,67.56727833191027,10.320113937691467
ordinary_chat,2,720,10.0,0.65,6.507406654573716,10.011394853190332,24,9,random jobs,True,6.509007668113632,0.14665548861360453,94.13630611303046,14.462466617482413
ordinary_chat,2,720,30.0,0.65,6.507406654573716,10.011394853190332,24,9,additive LP,True,10.011394853190332,0.1713948531903319,125.95994380985151,12.58165776667093
ordinary_chat,2,720,30.0,0.65,6.507406654573716,10.011394853190332,24,9,active-knee LP relaxation,True,6.507406654573688,0.14664417973895297,49.31845336551481,7.57881841160974
ordinary_chat,2,720,30.0,0.65,6.507406654573716,10.011394853190332,24,9,active-knee MILP,True,6.507522787995501,0.1466450000557569,49.322159975902665,7.579252748355764
ordinary_chat,2,720,30.0,0.65,6.507406654573716,10.011394853190332,24,9,live greedy,True,6.54714460904727,0.14692487164744455,67.56727833191027,10.320113937691467
ordinary_chat,2,720,30.0,0.65,6.507406654573716,10.011394853190332,24,9,random jobs,True,6.509007668113632,0.14665548861360453,109.68499577880199,16.851262338517056
ordinary_chat,2,720,120.0,0.65,6.507406654573716,10.011394853190332,24,9,additive LP,True,10.011394853190332,0.1713948531903319,195.6576008410619,19.54349056352639
ordinary_chat,2,720,120.0,0.65,6.507406654573716,10.011394853190332,24,9,active-knee LP relaxation,True,6.507406654573688,0.14664417973895297,49.31845336551481,7.57881841160974
ordinary_chat,2,720,120.0,0.65,6.507406654573716,10.011394853190332,24,9,active-knee MILP,True,6.507522787995501,0.1466450000557569,49.322159975902665,7.579252748355764
ordinary_chat,2,720,120.0,0.65,6.507406654573716,10.011394853190332,24,9,live greedy,True,6.54714460904727,0.14692487164744455,67.56727833191027,10.320113937691467
ordinary_chat,2,720,120.0,0.65,6.507406654573716,10.011394853190332,24,9,random jobs,True,6.509007668113632,0.14665548861360453,179.9613541118303,27.648047642258298
ordinary_chat,4,1439,10.0,0.25,5.0065546636587115,20.026218654634846,48,19,additive LP,False,0.5616612714931107,0.20699395765221687,nan,nan
ordinary_chat,4,1439,10.0,0.25,5.0065546636587115,20.026218654634846,48,19,active-knee LP relaxation,True,5.006554663658732,0.13460741543368188,40.03564786007207,7.996646506365014
ordinary_chat,4,1439,10.0,0.25,5.0065546636587115,20.026218654634846,48,19,active-knee MILP,True,5.006854950072513,0.13460953652843105,40.04058623847719,7.997153230472014
ordinary_chat,4,1439,10.0,0.25,5.0065546636587115,20.026218654634846,48,19,live greedy,True,5.009855765636773,0.23174891714521595,72.64680474280571,14.500777695258062
ordinary_chat,4,1439,10.0,0.25,5.0065546636587115,20.026218654634846,48,19,random jobs,True,5.012130368429256,0.2401655587686106,152.12260526788018,30.35088756391499
ordinary_chat,4,1439,30.0,0.25,5.0065546636587115,20.026218654634846,48,19,additive LP,False,0.5616612714931107,0.20699395765221687,nan,nan
ordinary_chat,4,1439,30.0,0.25,5.0065546636587115,20.026218654634846,48,19,active-knee LP relaxation,True,5.006554663658732,0.13460741543368188,40.03564786007207,7.996646506365014
ordinary_chat,4,1439,30.0,0.25,5.0065546636587115,20.026218654634846,48,19,active-knee MILP,True,5.006854950072513,0.13460953652843105,40.04058623847719,7.997153230472014
ordinary_chat,4,1439,30.0,0.25,5.0065546636587115,20.026218654634846,48,19,live greedy,True,5.009855765636773,0.23174891714521595,72.64680474280571,14.500777695258062
ordinary_chat,4,1439,30.0,0.25,5.0065546636587115,20.026218654634846,48,19,random jobs,True,5.012130368429256,0.2401655587686106,167.69757270112086,33.45834213679389
ordinary_chat,4,1439,120.0,0.25,5.0065546636587115,20.026218654634846,48,19,additive LP,False,0.5616612714931107,0.20699395765221687,nan,nan
ordinary_chat,4,1439,120.0,0.25,5.0065546636587115,20.026218654634846,48,19,active-knee LP relaxation,True,5.006554663658732,0.13460741543368188,40.03564786007207,7.996646506365014
ordinary_chat,4,1439,120.0,0.25,5.0065546636587115,20.026218654634846,48,19,active-knee MILP,True,5.006854950072513,0.13460953652843105,40.04058623847719,7.997153230472014
ordinary_chat,4,1439,120.0,0.25,5.0065546636587115,20.026218654634846,48,19,live greedy,True,5.009855765636773,0.23174891714521595,72.64680474280571,14.500777695258062
ordinary_chat,4,1439,120.0,0.25,5.0065546636587115,20.026218654634846,48,19,random jobs,True,5.012130368429256,0.2401655587686106,237.96758193608497,47.47833045904216
ordinary_chat,4,1439,10.0,0.45,9.011798394585682,20.026218654634846,48,19,additive LP,True,20.026218654634846,0.34621865463484575,214.62278905441002,10.717090068560594
ordinary_chat,4,1439,10.0,0.45,9.011798394585682,20.026218654634846,48,19,active-knee LP relaxation,True,9.011798394585702,0.21639290980183085,69.88672669228814,7.755025537885552
ordinary_chat,4,1439,10.0,0.45,9.011798394585682,20.026218654634846,48,19,active-knee MILP,True,9.01181239660803,0.21639300870612585,69.89285604496374,7.755693635086191
ordinary_chat,4,1439,10.0,0.45,9.011798394585682,20.026218654634846,48,19,live greedy,True,9.015855348883427,0.2634805160045415,103.83967759126253,11.51745159754838
ordinary_chat,4,1439,10.0,0.45,9.011798394585682,20.026218654634846,48,19,random jobs,True,9.01817061454108,0.2684625130801976,167.77568217374548,18.604181418260215
ordinary_chat,4,1439,30.0,0.45,9.011798394585682,20.026218654634846,48,19,additive LP,True,20.026218654634846,0.34621865463484575,229.95804638177543,11.482849076380887
ordinary_chat,4,1439,30.0,0.45,9.011798394585682,20.026218654634846,48,19,active-knee LP relaxation,True,9.011798394585702,0.21639290980183085,69.88672669228814,7.755025537885552
ordinary_chat,4,1439,30.0,0.45,9.011798394585682,20.026218654634846,48,19,active-knee MILP,True,9.01181239660803,0.21639300870612585,69.89285604496374,7.755693635086191
ordinary_chat,4,1439,30.0,0.45,9.011798394585682,20.026218654634846,48,19,live greedy,True,9.015855348883427,0.2634805160045415,103.83967759126253,11.51745159754838
ordinary_chat,4,1439,30.0,0.45,9.011798394585682,20.026218654634846,48,19,random jobs,True,9.01817061454108,0.2684625130801976,183.35064960698617,20.33124648488551
ordinary_chat,4,1439,120.0,0.45,9.011798394585682,20.026218654634846,48,19,additive LP,True,20.026218654634846,0.34621865463484575,299.8461088369024,14.9726772691312
ordinary_chat,4,1439,120.0,0.45,9.011798394585682,20.026218654634846,48,19,active-knee LP relaxation,True,9.011798394585702,0.21639290980183085,69.88672669228814,7.755025537885552
ordinary_chat,4,1439,120.0,0.45,9.011798394585682,20.026218654634846,48,19,active-knee MILP,True,9.01181239660803,0.21639300870612585,69.89285604496374,7.755693635086191
ordinary_chat,4,1439,120.0,0.45,9.011798394585682,20.026218654634846,48,19,live greedy,True,9.015855348883427,0.2634805160045415,103.83967759126253,11.51745159754838
ordinary_chat,4,1439,120.0,0.45,9.011798394585682,20.026218654634846,48,19,random jobs,False,8.402736288147992,0.2641153483125371,nan,nan
ordinary_chat,4,1439,10.0,0.65,13.01704212551265,20.026218654634846,48,19,additive LP,True,20.026218654634846,0.34621865463484575,214.62278905441002,10.717090068560594
ordinary_chat,4,1439,10.0,0.65,13.01704212551265,20.026218654634846,48,19,active-knee LP relaxation,True,13.01704212551269,0.29670883051390223,100.83236813795644,7.74618128801554
ordinary_chat,4,1439,10.0,0.65,13.01704212551265,20.026218654634846,48,19,active-knee MILP,True,13.01712912884813,0.2967094450682394,100.83576526253148,7.7463904878275045
ordinary_chat,4,1439,10.0,0.65,13.01704212551265,20.026218654634846,48,19,live greedy,True,13.017376161958037,0.2951994593963782,138.93408283651146,10.672971350596155
ordinary_chat,4,1439,10.0,0.65,13.01704212551265,20.026218654634846,48,19,random jobs,True,13.023576095550197,0.2967549836826838,184.84491920115693,14.193100101308843
ordinary_chat,4,1439,30.0,0.65,13.01704212551265,20.026218654634846,48,19,additive LP,True,20.026218654634846,0.34621865463484575,229.95804638177543,11.482849076380887
ordinary_chat,4,1439,30.0,0.65,13.01704212551265,20.026218654634846,48,19,active-knee LP relaxation,True,13.01704212551269,0.29670883051390223,100.83236813795644,7.74618128801554
ordinary_chat,4,1439,30.0,0.65,13.01704212551265,20.026218654634846,48,19,active-knee MILP,True,13.01712912884813,0.2967094450682394,100.83576526253148,7.7463904878275045
ordinary_chat,4,1439,30.0,0.65,13.01704212551265,20.026218654634846,48,19,live greedy,True,13.017376161958037,0.2951994593963782,138.93408283651146,10.672971350596155
ordinary_chat,4,1439,30.0,0.65,13.01704212551265,20.026218654634846,48,19,random jobs,True,13.023576095550197,0.2967549836826838,200.41988663439764,15.389005689679633
ordinary_chat,4,1439,120.0,0.65,13.01704212551265,20.026218654634846,48,19,additive LP,True,20.026218654634846,0.34621865463484575,299.8461088369024,14.9726772691312
ordinary_chat,4,1439,120.0,0.65,13.01704212551265,20.026218654634846,48,19,active-knee LP relaxation,True,13.01704212551269,0.29670883051390223,100.83236813795644,7.74618128801554
ordinary_chat,4,1439,120.0,0.65,13.01704212551265,20.026218654634846,48,19,active-knee MILP,True,13.01712912884813,0.2967094450682394,100.83576526253148,7.7463904878275045
ordinary_chat,4,1439,120.0,0.65,13.01704212551265,20.026218654634846,48,19,live greedy,True,13.017376161958037,0.2951994593963782,138.93408283651146,10.672971350596155
ordinary_chat,4,1439,120.0,0.65,13.01704212551265,20.026218654634846,48,19,random jobs,False,8.402736288147992,0.2641153483125371,nan,nan
long_chat_code,1,71,10.0,0.25,1.242107964075054,4.968431856300216,12,4,additive LP,True,4.856491475272391,0.0476411573424014,58.01561772021267,11.945993937312261
long_chat_code,1,71,10.0,0.25,1.242107964075054,4.968431856300216,12,4,active-knee LP relaxation,True,1.2421079640750523,0.02211069863565934,8.775774823026792,7.065227079162766
long_chat_code,1,71,10.0,0.25,1.242107964075054,4.968431856300216,12,4,active-knee MILP,True,1.2508654891829347,0.022172558046108556,8.847363254961772,7.0729933245986905
long_chat_code,1,71,10.0,0.25,1.242107964075054,4.968431856300216,12,4,live greedy,True,1.332238771362894,0.022747344095815636,9.273729645640477,6.961011678224434
long_chat_code,1,71,10.0,0.25,1.242107964075054,4.968431856300216,12,4,random jobs,True,1.3617322402729368,0.022955673341396157,30.16677542295203,22.15323580567175
long_chat_code,1,71,30.0,0.25,1.242107964075054,4.968431856300216,12,4,additive LP,True,4.968431856300216,0.0484318563002165,71.5522780005606,14.401380570376304
long_chat_code,1,71,30.0,0.25,1.242107964075054,4.968431856300216,12,4,active-knee LP relaxation,True,1.2421079640750523,0.02211069863565934,8.775774823026792,7.065227079162766
long_chat_code,1,71,30.0,0.25,1.242107964075054,4.968431856300216,12,4,active-knee MILP,True,1.2508654891829356,0.022172558046108563,8.847363254961776,7.072993324598688
long_chat_code,1,71,30.0,0.25,1.242107964075054,4.968431856300216,12,4,live greedy,True,1.332238771362894,0.022747344095815636,9.273729645640477,6.961011678224434
long_chat_code,1,71,30.0,0.25,1.242107964075054,4.968431856300216,12,4,random jobs,True,1.3617322402729368,0.022955673341396157,44.90012583821273,32.97280075355581
long_chat_code,1,71,120.0,0.25,1.242107964075054,4.968431856300216,12,4,additive LP,True,4.968431856300216,0.0484318563002165,71.5522780005606,14.401380570376304
long_chat_code,1,71,120.0,0.25,1.242107964075054,4.968431856300216,12,4,active-knee LP relaxation,True,1.2421079640750523,0.02211069863565934,8.775774823026792,7.065227079162766
long_chat_code,1,71,120.0,0.25,1.242107964075054,4.968431856300216,12,4,active-knee MILP,True,1.2508654891829356,0.022172558046108563,8.847363254961776,7.072993324598688
long_chat_code,1,71,120.0,0.25,1.242107964075054,4.968431856300216,12,4,live greedy,True,1.332238771362894,0.022747344095815636,9.273729645640477,6.961011678224434
long_chat_code,1,71,120.0,0.25,1.242107964075054,4.968431856300216,12,4,random jobs,True,1.3617322402729368,0.022955673341396157,49.252593248255586,36.169073325592784
long_chat_code,1,71,10.0,0.45,2.2357943353350973,4.968431856300216,12,4,additive LP,True,4.856491475272391,0.0476411573424014,58.01561772021267,11.945993937312261
long_chat_code,1,71,10.0,0.45,2.2357943353350973,4.968431856300216,12,4,active-knee LP relaxation,True,2.235794335335098,0.02912967401287459,14.688614769491172,6.569752207234956
long_chat_code,1,71,10.0,0.45,2.2357943353350973,4.968431856300216,12,4,active-knee MILP,True,2.237010257318929,0.029138262765535352,14.699385270170234,6.5709959183591495
long_chat_code,1,71,10.0,0.45,2.2357943353350973,4.968431856300216,12,4,live greedy,True,2.255493792431642,0.029268822549378935,14.824337337654779,6.572546281172736
long_chat_code,1,71,10.0,0.45,2.2357943353350973,4.968431856300216,12,4,random jobs,True,2.2562383195020583,0.029274081570057967,38.288445478421615,16.970035987542175
long_chat_code,1,71,30.0,0.45,2.2357943353350973,4.968431856300216,12,4,additive LP,True,4.968431856300216,0.0484318563002165,71.5522780005606,14.401380570376304
long_chat_code,1,71,30.0,0.45,2.2357943353350973,4.968431856300216,12,4,active-knee LP relaxation,True,2.235794335335098,0.02912967401287459,14.688614769491172,6.569752207234956
long_chat_code,1,71,30.0,0.45,2.2357943353350973,4.968431856300216,12,4,active-knee MILP,True,2.237010257318929,0.029138262765535352,14.699385270170234,6.5709959183591495
long_chat_code,1,71,30.0,0.45,2.2357943353350973,4.968431856300216,12,4,live greedy,True,2.255493792431642,0.029268822549378935,14.824337337654779,6.572546281172736
long_chat_code,1,71,30.0,0.45,2.2357943353350973,4.968431856300216,12,4,random jobs,True,2.2562383195020583,0.029274081570057967,53.02179589368231,23.500086597848398
long_chat_code,1,71,120.0,0.45,2.2357943353350973,4.968431856300216,12,4,additive LP,True,4.968431856300216,0.0484318563002165,71.5522780005606,14.401380570376304
long_chat_code,1,71,120.0,0.45,2.2357943353350973,4.968431856300216,12,4,active-knee LP relaxation,True,2.235794335335098,0.02912967401287459,14.688614769491172,6.569752207234956
long_chat_code,1,71,120.0,0.45,2.2357943353350973,4.968431856300216,12,4,active-knee MILP,True,2.237010257318929,0.029138262765535352,14.699385270170234,6.5709959183591495
long_chat_code,1,71,120.0,0.45,2.2357943353350973,4.968431856300216,12,4,live greedy,True,2.255493792431642,0.029268822549378935,14.824337337654779,6.572546281172736
long_chat_code,1,71,120.0,0.45,2.2357943353350973,4.968431856300216,12,4,random jobs,True,2.2562383195020583,0.029274081570057967,75.41824039213967,33.426539980397166
long_chat_code,1,71,10.0,0.65,3.2294807065951403,4.968431856300216,12,4,additive LP,True,4.856491475272391,0.0476411573424014,58.01561772021267,11.945993937312261
long_chat_code,1,71,10.0,0.65,3.2294807065951403,4.968431856300216,12,4,active-knee LP relaxation,True,3.2294807065951425,0.036148649390089826,22.74419902892366,7.0426799523763
long_chat_code,1,71,10.0,0.65,3.2294807065951403,4.968431856300216,12,4,active-knee MILP,True,3.233155293858199,0.036174605102341495,22.98239315719685,7.108348058893091
long_chat_code,1,71,10.0,0.65,3.2294807065951403,4.968431856300216,12,4,live greedy,True,3.487272356343542,0.0379695793075861,25.36779639168538,7.274394942379522
long_chat_code,1,71,10.0,0.65,3.2294807065951403,4.968431856300216,12,4,random jobs,True,3.439526308983759,0.03763232165721428,54.24401225334216,15.770779863396095
long_chat_code,1,71,30.0,0.65,3.2294807065951403,4.968431856300216,12,4,additive LP,True,4.968431856300216,0.0484318563002165,71.5522780005606,14.401380570376304
long_chat_code,1,71,30.0,0.65,3.2294807065951403,4.968431856300216,12,4,active-knee LP relaxation,True,3.2294807065951425,0.036148649390089826,22.74419902892366,7.0426799523763
long_chat_code,1,71,30.0,0.65,3.2294807065951403,4.968431856300216,12,4,active-knee MILP,True,3.2331552938581973,0.03617460510234149,22.98239315719684,7.108348058893091
long_chat_code,1,71,30.0,0.65,3.2294807065951403,4.968431856300216,12,4,live greedy,True,3.487272356343542,0.0379695793075861,25.36779639168538,7.274394942379522
long_chat_code,1,71,30.0,0.65,3.2294807065951403,4.968431856300216,12,4,random jobs,True,3.439526308983759,0.03763232165721428,68.97736266860286,20.054320412796287
long_chat_code,1,71,120.0,0.65,3.2294807065951403,4.968431856300216,12,4,additive LP,True,4.968431856300216,0.0484318563002165,71.5522780005606,14.401380570376304
long_chat_code,1,71,120.0,0.65,3.2294807065951403,4.968431856300216,12,4,active-knee LP relaxation,True,3.2294807065951425,0.036148649390089826,22.74419902892366,7.0426799523763
long_chat_code,1,71,120.0,0.65,3.2294807065951403,4.968431856300216,12,4,active-knee MILP,True,3.2331552938581973,0.03617460510234149,22.98239315719684,7.108348058893091
long_chat_code,1,71,120.0,0.65,3.2294807065951403,4.968431856300216,12,4,live greedy,True,3.487272356343542,0.0379695793075861,25.36779639168538,7.274394942379522
long_chat_code,1,71,120.0,0.65,3.2294807065951403,4.968431856300216,12,4,random jobs,True,3.439526308983759,0.03763232165721428,111.80542413841404,32.50605289640829
long_chat_code,2,142,10.0,0.25,2.4904459440565114,9.961783776226046,24,9,additive LP,True,7.544121479869145,0.10470644416297994,60.593898069565086,8.03193562447991
long_chat_code,2,142,10.0,0.25,2.4904459440565114,9.961783776226046,24,9,active-knee LP relaxation,True,2.490445944056513,0.03843547962994209,17.430041593541603,6.998763267734704
long_chat_code,2,142,10.0,0.25,2.4904459440565114,9.961783776226046,24,9,active-knee MILP,True,2.4908270759024043,0.03843817178223395,17.55901894516959,7.049473291439999
long_chat_code,2,142,10.0,0.25,2.4904459440565114,9.961783776226046,24,9,live greedy,True,2.5502332080272554,0.06496267312458505,22.506056175311407,8.825097290894847
long_chat_code,2,142,10.0,0.25,2.4904459440565114,9.961783776226046,24,9,random jobs,True,2.567661307244651,0.06955485868530946,92.24666508933015,35.92633686890728
long_chat_code,2,142,30.0,0.25,2.4904459440565114,9.961783776226046,24,9,additive LP,True,7.544121479869145,0.10470644416297994,60.593898069565086,8.03193562447991
long_chat_code,2,142,30.0,0.25,2.4904459440565114,9.961783776226046,24,9,active-knee LP relaxation,True,2.490445944056513,0.03843547962994209,17.430041593541603,6.998763267734704
long_chat_code,2,142,30.0,0.25,2.4904459440565114,9.961783776226046,24,9,active-knee MILP,True,2.4908270759024043,0.03843817178223395,17.55901894516959,7.049473291439999
long_chat_code,2,142,30.0,0.25,2.4904459440565114,9.961783776226046,24,9,live greedy,True,2.5502332080272554,0.06496267312458505,22.506056175311407,8.825097290894847
long_chat_code,2,142,30.0,0.25,2.4904459440565114,9.961783776226046,24,9,random jobs,True,2.567661307244651,0.06955485868530946,103.50143710217685,40.309614360020056
long_chat_code,2,142,120.0,0.25,2.4904459440565114,9.961783776226046,24,9,additive LP,True,7.544121479869145,0.10470644416297994,60.593898069565086,8.03193562447991
long_chat_code,2,142,120.0,0.25,2.4904459440565114,9.961783776226046,24,9,active-knee LP relaxation,True,2.490445944056513,0.03843547962994209,17.430041593541603,6.998763267734704
long_chat_code,2,142,120.0,0.25,2.4904459440565114,9.961783776226046,24,9,active-knee MILP,True,2.4908270759024043,0.03843817178223395,17.55901894516959,7.049473291439999
long_chat_code,2,142,120.0,0.25,2.4904459440565114,9.961783776226046,24,9,live greedy,True,2.5502332080272554,0.06496267312458505,22.506056175311407,8.825097290894847
long_chat_code,2,142,120.0,0.25,2.4904459440565114,9.961783776226046,24,9,random jobs,True,2.567661307244651,0.06955485868530946,166.53567714104082,64.85889578627865
long_chat_code,2,142,10.0,0.45,4.482802699301721,9.961783776226046,24,9,additive LP,True,9.682568643588864,0.11981151999147438,120.51560924121682,12.446656840487677
long_chat_code,2,142,10.0,0.45,4.482802699301721,9.961783776226046,24,9,active-knee LP relaxation,True,4.482802699301721,0.08308259808429987,31.597433321136897,7.048588894188624
long_chat_code,2,142,10.0,0.45,4.482802699301721,9.961783776226046,24,9,active-knee MILP,True,4.485045774331435,0.08309844220660864,31.617788116246004,7.049602101543573
long_chat_code,2,142,10.0,0.45,4.482802699301721,9.961783776226046,24,9,live greedy,True,4.492117868045827,0.07867931552633076,45.23822833930571,10.07057910503701
long_chat_code,2,142,10.0,0.45,4.482802699301721,9.961783776226046,24,9,random jobs,True,4.588918272886831,0.08383215309448733,106.76806047570943,23.26649857909607
long_chat_code,2,142,30.0,0.45,4.482802699301721,9.961783776226046,24,9,additive LP,True,9.961783776226046,0.12178377622604583,142.2619967163468,14.280775402479353
long_chat_code,2,142,30.0,0.45,4.482802699301721,9.961783776226046,24,9,active-knee LP relaxation,True,4.482802699301721,0.08308259808429987,31.597433321136897,7.048588894188624
long_chat_code,2,142,30.0,0.45,4.482802699301721,9.961783776226046,24,9,active-knee MILP,True,4.485045774331435,0.08309844220660864,31.617788116246004,7.049602101543573
long_chat_code,2,142,30.0,0.45,4.482802699301721,9.961783776226046,24,9,live greedy,True,4.492117868045827,0.07867931552633076,45.23822833930571,10.07057910503701
long_chat_code,2,142,30.0,0.45,4.482802699301721,9.961783776226046,24,9,random jobs,True,4.588918272886831,0.08383215309448733,118.02283248855613,25.719096630219447
long_chat_code,2,142,120.0,0.45,4.482802699301721,9.961783776226046,24,9,additive LP,True,9.961783776226046,0.12178377622604583,142.2619967163468,14.280775402479353
long_chat_code,2,142,120.0,0.45,4.482802699301721,9.961783776226046,24,9,active-knee LP relaxation,True,4.482802699301721,0.08308259808429987,31.597433321136897,7.048588894188624
long_chat_code,2,142,120.0,0.45,4.482802699301721,9.961783776226046,24,9,active-knee MILP,True,4.485045774331435,0.08309844220660864,31.617788116246004,7.049602101543573
long_chat_code,2,142,120.0,0.45,4.482802699301721,9.961783776226046,24,9,live greedy,True,4.492117868045827,0.07867931552633076,45.23822833930571,10.07057910503701
long_chat_code,2,142,120.0,0.45,4.482802699301721,9.961783776226046,24,9,random jobs,True,4.588918272886831,0.08383215309448733,181.0570725274201,39.45528374239696
long_chat_code,2,142,10.0,0.65,6.4751594545469295,9.961783776226046,24,9,additive LP,True,9.682568643588864,0.11981151999147438,120.51560924121682,12.446656840487677
long_chat_code,2,142,10.0,0.65,6.4751594545469295,9.961783776226046,24,9,active-knee LP relaxation,True,6.4751594545469375,0.09715575377220752,47.582558132065856,7.348476661629204
long_chat_code,2,142,10.0,0.65,6.4751594545469295,9.961783776226046,24,9,active-knee MILP,True,6.476544510781823,0.09716553721685352,47.63790334833644,7.355450621705954
long_chat_code,2,142,10.0,0.65,6.4751594545469295,9.961783776226046,24,9,live greedy,True,6.488535491250113,0.0972502363725327,83.08321566263892,12.804617586615327
long_chat_code,2,142,10.0,0.65,6.4751594545469295,9.961783776226046,24,9,random jobs,True,6.694788955912162,0.09870712260122524,117.11477751871182,17.493423361058735
long_chat_code,2,142,30.0,0.65,6.4751594545469295,9.961783776226046,24,9,additive LP,True,9.961783776226046,0.12178377622604583,142.2619967163468,14.280775402479353
long_chat_code,2,142,30.0,0.65,6.4751594545469295,9.961783776226046,24,9,active-knee LP relaxation,True,6.4751594545469375,0.09715575377220752,47.582558132065856,7.348476661629204
long_chat_code,2,142,30.0,0.65,6.4751594545469295,9.961783776226046,24,9,active-knee MILP,True,6.4765445107818245,0.09716553721685352,47.63790334833645,7.355450621705954
long_chat_code,2,142,30.0,0.65,6.4751594545469295,9.961783776226046,24,9,live greedy,True,6.488535491250113,0.0972502363725327,83.08321566263892,12.804617586615327
long_chat_code,2,142,30.0,0.65,6.4751594545469295,9.961783776226046,24,9,random jobs,True,6.694788955912162,0.09870712260122524,128.36954953155853,19.174547603654556
long_chat_code,2,142,120.0,0.65,6.4751594545469295,9.961783776226046,24,9,additive LP,True,9.961783776226046,0.12178377622604583,142.2619967163468,14.280775402479353
long_chat_code,2,142,120.0,0.65,6.4751594545469295,9.961783776226046,24,9,active-knee LP relaxation,True,6.4751594545469375,0.09715575377220752,47.582558132065856,7.348476661629204
long_chat_code,2,142,120.0,0.65,6.4751594545469295,9.961783776226046,24,9,active-knee MILP,True,6.4765445107818245,0.09716553721685352,47.63790334833645,7.355450621705954
long_chat_code,2,142,120.0,0.65,6.4751594545469295,9.961783776226046,24,9,live greedy,True,6.488535491250113,0.0972502363725327,83.08321566263892,12.804617586615327
long_chat_code,2,142,120.0,0.65,6.4751594545469295,9.961783776226046,24,9,random jobs,True,6.694788955912162,0.09870712260122524,191.40378957042248,28.58996614096311
long_chat_code,4,285,10.0,0.25,4.977529497517417,19.91011799006967,48,19,additive LP,True,16.977267234950883,0.2094015871576312,149.3187568500628,8.795217438921041
long_chat_code,4,285,10.0,0.25,4.977529497517417,19.91011799006967,48,19,active-knee LP relaxation,True,4.977529497517419,0.06313727923813495,19.258742640357102,3.8691368177652286
long_chat_code,4,285,10.0,0.25,4.977529497517417,19.91011799006967,48,19,active-knee MILP,True,4.979289336024897,0.06314970998440371,19.328567476224464,3.881792394826967
long_chat_code,4,285,10.0,0.25,4.977529497517417,19.91011799006967,48,19,live greedy,True,5.007251966952384,0.09318748587055592,74.19932708346094,14.818372946512946
long_chat_code,4,285,10.0,0.25,4.977529497517417,19.91011799006967,48,19,random jobs,True,5.8088688831449575,0.1280930205532004,151.01759605300066,25.997762919248196
long_chat_code,4,285,30.0,0.25,4.977529497517417,19.91011799006967,48,19,additive LP,True,16.977267234950883,0.2094015871576312,149.3187568500628,8.795217438921041
long_chat_code,4,285,30.0,0.25,4.977529497517417,19.91011799006967,48,19,active-knee LP relaxation,True,4.977529497517419,0.06313727923813495,19.258742640357102,3.8691368177652286
long_chat_code,4,285,30.0,0.25,4.977529497517417,19.91011799006967,48,19,active-knee MILP,True,4.979289336024897,0.06314970998440371,19.328567476224464,3.881792394826967
long_chat_code,4,285,30.0,0.25,4.977529497517417,19.91011799006967,48,19,live greedy,True,5.007251966952384,0.09318748587055592,74.19932708346094,14.818372946512946
long_chat_code,4,285,30.0,0.25,4.977529497517417,19.91011799006967,48,19,random jobs,True,4.991846285247079,0.12200921983855316,179.76657588019214,36.01204155894683
long_chat_code,4,285,120.0,0.25,4.977529497517417,19.91011799006967,48,19,additive LP,True,16.977267234950883,0.2094015871576312,149.3187568500628,8.795217438921041
long_chat_code,4,285,120.0,0.25,4.977529497517417,19.91011799006967,48,19,active-knee LP relaxation,True,4.977529497517419,0.06313727923813495,19.258742640357102,3.8691368177652286
long_chat_code,4,285,120.0,0.25,4.977529497517417,19.91011799006967,48,19,active-knee MILP,True,4.979289336024897,0.06314970998440371,19.328567476224464,3.881792394826967
long_chat_code,4,285,120.0,0.25,4.977529497517417,19.91011799006967,48,19,live greedy,True,5.007251966952384,0.09318748587055592,74.19932708346094,14.818372946512946
long_chat_code,4,285,120.0,0.25,4.977529497517417,19.91011799006967,48,19,random jobs,True,4.991846285247079,0.12200921983855316,239.2757394687888,47.93331480898064
long_chat_code,4,285,10.0,0.45,8.959553095531351,19.91011799006967,48,19,additive LP,True,19.28649076807478,0.2257129541928152,245.51559167860108,12.729925554160777
long_chat_code,4,285,10.0,0.45,8.959553095531351,19.91011799006967,48,19,active-knee LP relaxation,True,8.959553095531353,0.120883934819775,46.67234701080614,5.209227124741784
long_chat_code,4,285,10.0,0.45,8.959553095531351,19.91011799006967,48,19,active-knee MILP,True,8.962401909833904,0.12090405762514118,46.71696230006981,5.212549355637589
long_chat_code,4,285,10.0,0.45,8.959553095531351,19.91011799006967,48,19,live greedy,True,8.96321141850098,0.127944709370715,97.12191717759409,10.835616013377143
long_chat_code,4,285,10.0,0.45,8.959553095531351,19.91011799006967,48,19,random jobs,True,8.983516345752134,0.15293715100789235,189.22320461545831,21.06337845146046
long_chat_code,4,285,30.0,0.45,8.959553095531351,19.91011799006967,48,19,additive LP,True,19.91011799006967,0.23011799006967107,306.547310945523,15.39655923176427
long_chat_code,4,285,30.0,0.45,8.959553095531351,19.91011799006967,48,19,active-knee LP relaxation,True,8.959553095531353,0.120883934819775,46.67234701080614,5.209227124741784
long_chat_code,4,285,30.0,0.45,8.959553095531351,19.91011799006967,48,19,active-knee MILP,True,8.962401909833904,0.12090405762514118,46.71696230006981,5.212549355637589
long_chat_code,4,285,30.0,0.45,8.959553095531351,19.91011799006967,48,19,live greedy,True,8.96321141850098,0.127944709370715,97.12191717759409,10.835616013377143
long_chat_code,4,285,30.0,0.45,8.959553095531351,19.91011799006967,48,19,random jobs,True,9.101921466111781,0.15377351411840443,215.97517090684792,23.728524983539504
long_chat_code,4,285,120.0,0.45,8.959553095531351,19.91011799006967,48,19,additive LP,True,19.91011799006967,0.23011799006967107,370.72673896945355,18.620017176912587
long_chat_code,4,285,120.0,0.45,8.959553095531351,19.91011799006967,48,19,active-knee LP relaxation,True,8.959553095531353,0.120883934819775,46.67234701080614,5.209227124741784
long_chat_code,4,285,120.0,0.45,8.959553095531351,19.91011799006967,48,19,active-knee MILP,True,8.962401909833904,0.12090405762514118,46.71696230006981,5.212549355637589
long_chat_code,4,285,120.0,0.45,8.959553095531351,19.91011799006967,48,19,live greedy,True,8.96321141850098,0.127944709370715,97.12191717759409,10.835616013377143
long_chat_code,4,285,120.0,0.45,8.959553095531351,19.91011799006967,48,19,random jobs,True,9.101921466111781,0.15377351411840443,275.2084810111834,30.236305821340903
long_chat_code,4,285,10.0,0.65,12.941576693545287,19.91011799006967,48,19,additive LP,True,19.28649076807478,0.2257129541928152,245.51559167860108,12.729925554160777
long_chat_code,4,285,10.0,0.65,12.941576693545287,19.91011799006967,48,19,active-knee LP relaxation,True,12.94157669354528,0.18089519584598718,82.73467789987059,6.39293649135775
long_chat_code,4,285,10.0,0.65,12.941576693545287,19.91011799006967,48,19,active-knee MILP,True,12.943244686768619,0.18090697783646487,82.78248129532858,6.395805943462841
long_chat_code,4,285,10.0,0.65,12.941576693545287,19.91011799006967,48,19,live greedy,True,12.965292822615428,0.17067776954971095,163.04974774208227,12.575863111836066
long_chat_code,4,285,10.0,0.65,12.941576693545287,19.91011799006967,48,19,random jobs,True,13.17458916627788,0.182541096258831,214.56222180293094,16.286065477634143
long_chat_code,4,285,30.0,0.65,12.941576693545287,19.91011799006967,48,19,additive LP,True,19.91011799006967,0.23011799006967107,306.547310945523,15.39655923176427
long_chat_code,4,285,30.0,0.65,12.941576693545287,19.91011799006967,48,19,active-knee LP relaxation,True,12.94157669354528,0.18089519584598718,82.73467789987059,6.39293649135775
long_chat_code,4,285,30.0,0.65,12.941576693545287,19.91011799006967,48,19,active-knee MILP,True,12.943244686768619,0.18090697783646487,82.78248129532858,6.395805943462841
long_chat_code,4,285,30.0,0.65,12.941576693545287,19.91011799006967,48,19,live greedy,True,12.965292822615428,0.17067776954971095,163.04974774208227,12.575863111836066
long_chat_code,4,285,30.0,0.65,12.941576693545287,19.91011799006967,48,19,random jobs,True,13.600574953081397,0.18555007759851275,245.2115820207614,18.02950116937559
long_chat_code,4,285,120.0,0.65,12.941576693545287,19.91011799006967,48,19,additive LP,True,19.91011799006967,0.23011799006967107,370.72673896945355,18.620017176912587
long_chat_code,4,285,120.0,0.65,12.941576693545287,19.91011799006967,48,19,active-knee LP relaxation,True,12.94157669354528,0.18089519584598718,82.73467789987059,6.39293649135775
long_chat_code,4,285,120.0,0.65,12.941576693545287,19.91011799006967,48,19,active-knee MILP,True,12.943244686768619,0.18090697783646487,82.78248129532858,6.395805943462841
long_chat_code,4,285,120.0,0.65,12.941576693545287,19.91011799006967,48,19,live greedy,True,12.965292822615428,0.17067776954971095,163.04974774208227,12.575863111836066
long_chat_code,4,285,120.0,0.65,12.941576693545287,19.91011799006967,48,19,random jobs,True,13.600574953081397,0.18555007759851275,304.4448921250969,22.384707497687128
reasoning_chat,1,54,10.0,0.25,1.2609472286692367,5.043788914676947,12,4,additive LP,False,0.05239276600919311,0.05239276600919295,nan,nan
reasoning_chat,1,54,10.0,0.25,1.2609472286692367,5.043788914676947,12,4,active-knee LP relaxation,True,1.2609472286692354,0.0970685394982844,26.466507245033625,20.989385315486643
reasoning_chat,1,54,10.0,0.25,1.2609472286692367,5.043788914676947,12,4,active-knee MILP,True,1.2780817348659093,0.09718957031904799,26.632941291613648,20.838214462401233
reasoning_chat,1,54,10.0,0.25,1.2609472286692367,5.043788914676947,12,4,live greedy,True,1.658239972638843,0.09987484545972461,28.712194567654702,17.314860961868806
reasoning_chat,1,54,10.0,0.25,1.2609472286692367,5.043788914676947,12,4,random jobs,False,0.0769443147523616,0.07694431475236127,nan,nan
reasoning_chat,1,54,30.0,0.25,1.2609472286692367,5.043788914676947,12,4,additive LP,False,0.05239276600919311,0.05239276600919295,nan,nan
reasoning_chat,1,54,30.0,0.25,1.2609472286692367,5.043788914676947,12,4,active-knee LP relaxation,True,1.2609472286692354,0.0970685394982844,26.466507245033625,20.989385315486643
reasoning_chat,1,54,30.0,0.25,1.2609472286692367,5.043788914676947,12,4,active-knee MILP,True,1.2780817348659093,0.09718957031904799,26.632941291613648,20.838214462401233
reasoning_chat,1,54,30.0,0.25,1.2609472286692367,5.043788914676947,12,4,live greedy,True,1.658239972638843,0.09987484545972461,28.712194567654702,17.314860961868806
reasoning_chat,1,54,30.0,0.25,1.2609472286692367,5.043788914676947,12,4,random jobs,True,1.3063477345061674,0.09738922924688026,76.64866821780787,58.67401626166789
reasoning_chat,1,54,120.0,0.25,1.2609472286692367,5.043788914676947,12,4,additive LP,False,0.05239276600919311,0.05239276600919295,nan,nan
reasoning_chat,1,54,120.0,0.25,1.2609472286692367,5.043788914676947,12,4,active-knee LP relaxation,True,1.2609472286692354,0.0970685394982844,26.466507245033625,20.989385315486643
reasoning_chat,1,54,120.0,0.25,1.2609472286692367,5.043788914676947,12,4,active-knee MILP,True,1.2780817348659093,0.09718957031904799,26.632941291613648,20.838214462401233
reasoning_chat,1,54,120.0,0.25,1.2609472286692367,5.043788914676947,12,4,live greedy,True,1.658239972638843,0.09987484545972461,28.712194567654702,17.314860961868806
reasoning_chat,1,54,120.0,0.25,1.2609472286692367,5.043788914676947,12,4,random jobs,True,1.3063477345061674,0.09738922924688026,112.89495287300409,86.4202921557339
reasoning_chat,1,54,10.0,0.45,2.2697050116046262,5.043788914676947,12,4,additive LP,False,0.887417474274046,0.0944300851281872,nan,nan
reasoning_chat,1,54,10.0,0.45,2.2697050116046262,5.043788914676947,12,4,active-knee LP relaxation,True,2.269705011604626,0.10419397287926091,32.332627881430355,14.24529959449311
reasoning_chat,1,54,10.0,0.45,2.2697050116046262,5.043788914676947,12,4,active-knee MILP,True,2.298728762846241,0.1043989842402007,32.54173232901028,14.156403684929641
reasoning_chat,1,54,10.0,0.45,2.2697050116046262,5.043788914676947,12,4,live greedy,True,2.3176310642493445,0.10453250200995017,32.63662744519719,14.081890749841085
reasoning_chat,1,54,10.0,0.45,2.2697050116046262,5.043788914676947,12,4,random jobs,False,0.0769443147523616,0.07694431475236127,nan,nan
reasoning_chat,1,54,30.0,0.45,2.2697050116046262,5.043788914676947,12,4,additive LP,False,0.887417474274046,0.0944300851281872,nan,nan
reasoning_chat,1,54,30.0,0.45,2.2697050116046262,5.043788914676947,12,4,active-knee LP relaxation,True,2.269705011604626,0.10419397287926091,32.332627881430355,14.24529959449311
reasoning_chat,1,54,30.0,0.45,2.2697050116046262,5.043788914676947,12,4,active-knee MILP,True,2.298728762846241,0.1043989842402007,32.54173232901027,14.156403684929638
reasoning_chat,1,54,30.0,0.45,2.2697050116046262,5.043788914676947,12,4,live greedy,True,2.3176310642493445,0.10453250200995017,32.63662744519719,14.081890749841085
reasoning_chat,1,54,30.0,0.45,2.2697050116046262,5.043788914676947,12,4,random jobs,True,2.2700393827281595,0.10419633473381666,82.38196963747973,36.29098696009059
reasoning_chat,1,54,120.0,0.45,2.2697050116046262,5.043788914676947,12,4,additive LP,False,0.887417474274046,0.0944300851281872,nan,nan
reasoning_chat,1,54,120.0,0.45,2.2697050116046262,5.043788914676947,12,4,active-knee LP relaxation,True,2.269705011604626,0.10419397287926091,32.332627881430355,14.24529959449311
reasoning_chat,1,54,120.0,0.45,2.2697050116046262,5.043788914676947,12,4,active-knee MILP,True,2.298728762846241,0.1043989842402007,32.54173232901027,14.156403684929638
reasoning_chat,1,54,120.0,0.45,2.2697050116046262,5.043788914676947,12,4,live greedy,True,2.3176310642493445,0.10453250200995017,32.63662744519719,14.081890749841085
reasoning_chat,1,54,120.0,0.45,2.2697050116046262,5.043788914676947,12,4,random jobs,True,2.2700393827281595,0.10419633473381666,131.3826573617983,57.87681850871728
reasoning_chat,1,54,10.0,0.65,3.2784627945400153,5.043788914676947,12,4,additive LP,True,4.073763587261382,0.11693707079005539,58.015618402962964,14.241282578198014
reasoning_chat,1,54,10.0,0.65,3.2784627945400153,5.043788914676947,12,4,active-knee LP relaxation,True,3.278462794540011,0.11131940626023742,41.00047483075141,12.506005832682947
reasoning_chat,1,54,10.0,0.65,3.2784627945400153,5.043788914676947,12,4,active-knee MILP,True,3.285399850954226,0.11136840665872329,41.12384926709346,12.517151985366185
reasoning_chat,1,54,10.0,0.65,3.2784627945400153,5.043788914676947,12,4,live greedy,True,3.339912298662751,0.11175345926614984,41.63345130617871,12.46543249738866
reasoning_chat,1,54,10.0,0.65,3.2784627945400153,5.043788914676947,12,4,random jobs,False,0.0769443147523616,0.07694431475236127,nan,nan
reasoning_chat,1,54,30.0,0.65,3.2784627945400153,5.043788914676947,12,4,additive LP,True,5.043788914676947,0.12378891467694636,92.87706346248686,18.41414560237115
reasoning_chat,1,54,30.0,0.65,3.2784627945400153,5.043788914676947,12,4,active-knee LP relaxation,True,3.278462794540011,0.11131940626023742,41.00047483075141,12.506005832682947
reasoning_chat,1,54,30.0,0.65,3.2784627945400153,5.043788914676947,12,4,active-knee MILP,True,3.285399850954226,0.11136840665872332,41.1238492670935,12.517151985366196
reasoning_chat,1,54,30.0,0.65,3.2784627945400153,5.043788914676947,12,4,live greedy,True,3.339912298662751,0.11175345926614984,41.63345130617871,12.46543249738866
reasoning_chat,1,54,30.0,0.65,3.2784627945400153,5.043788914676947,12,4,random jobs,True,3.3213574484544806,0.11162239574298341,92.09884928383345,27.7292795831685
reasoning_chat,1,54,120.0,0.65,3.2784627945400153,5.043788914676947,12,4,additive LP,True,5.043788914676947,0.12378891467694636,92.87706346248686,18.41414560237115
reasoning_chat,1,54,120.0,0.65,3.2784627945400153,5.043788914676947,12,4,active-knee LP relaxation,True,3.278462794540011,0.11131940626023742,41.00047483075141,12.506005832682947
reasoning_chat,1,54,120.0,0.65,3.2784627945400153,5.043788914676947,12,4,active-knee MILP,True,3.285399850954226,0.11136840665872332,41.1238492670935,12.517151985366196
reasoning_chat,1,54,120.0,0.65,3.2784627945400153,5.043788914676947,12,4,live greedy,True,3.339912298662751,0.11175345926614984,41.63345130617871,12.46543249738866
reasoning_chat,1,54,120.0,0.65,3.2784627945400153,5.043788914676947,12,4,random jobs,True,3.3213574484544806,0.11162239574298341,150.01867389121873,45.16787976585494
reasoning_chat,2,108,10.0,0.25,2.5198000423102322,10.079200169240929,24,9,additive LP,False,0.10459464843435944,0.10459464843435785,nan,nan
reasoning_chat,2,108,10.0,0.25,2.5198000423102322,10.079200169240929,24,9,active-knee LP relaxation,True,2.5198000423102274,0.11391600899353196,28.442448118351123,11.287581411529084
reasoning_chat,2,108,10.0,0.25,2.5198000423102322,10.079200169240929,24,9,active-knee MILP,True,2.526030174970835,0.11396001598508015,28.77951957958387,11.393181231461794
reasoning_chat,2,108,10.0,0.25,2.5198000423102322,10.079200169240929,24,9,live greedy,True,2.6655039667267664,0.16926780859158413,37.12602779589746,13.928333350592663
reasoning_chat,2,108,10.0,0.25,2.5198000423102322,10.079200169240929,24,9,random jobs,False,1.426749498944233,0.16996700666329645,nan,nan
reasoning_chat,2,108,30.0,0.25,2.5198000423102322,10.079200169240929,24,9,additive LP,False,0.10459464843435944,0.10459464843435785,nan,nan
reasoning_chat,2,108,30.0,0.25,2.5198000423102322,10.079200169240929,24,9,active-knee LP relaxation,True,2.5198000423102274,0.11391600899353196,28.442448118351123,11.287581411529084
reasoning_chat,2,108,30.0,0.25,2.5198000423102322,10.079200169240929,24,9,active-knee MILP,True,2.526030174970835,0.11396001598508013,28.779519579583873,11.393181231461796
reasoning_chat,2,108,30.0,0.25,2.5198000423102322,10.079200169240929,24,9,live greedy,True,2.6655039667267664,0.16926780859158413,37.12602779589746,13.928333350592663
reasoning_chat,2,108,30.0,0.25,2.5198000423102322,10.079200169240929,24,9,random jobs,True,3.6370986459516996,0.1936959203377744,150.1601438738002,41.28569458541827
reasoning_chat,2,108,120.0,0.25,2.5198000423102322,10.079200169240929,24,9,additive LP,False,0.10459464843435944,0.10459464843435785,nan,nan
reasoning_chat,2,108,120.0,0.25,2.5198000423102322,10.079200169240929,24,9,active-knee LP relaxation,True,2.5198000423102274,0.11391600899353196,28.442448118351123,11.287581411529084
reasoning_chat,2,108,120.0,0.25,2.5198000423102322,10.079200169240929,24,9,active-knee MILP,True,2.526030174970835,0.11396001598508013,28.779519579583873,11.393181231461796
reasoning_chat,2,108,120.0,0.25,2.5198000423102322,10.079200169240929,24,9,live greedy,True,2.6655039667267664,0.16926780859158413,37.12602779589746,13.928333350592663
reasoning_chat,2,108,120.0,0.25,2.5198000423102322,10.079200169240929,24,9,random jobs,True,3.6370986459516996,0.1936959203377744,206.26131490790425,56.71039886077464
reasoning_chat,2,108,10.0,0.45,4.535640076158418,10.079200169240929,24,9,additive LP,False,2.9670577439286943,0.1889630380833234,nan,nan
reasoning_chat,2,108,10.0,0.45,4.535640076158418,10.079200169240929,24,9,active-knee LP relaxation,True,4.535640076158419,0.1039256129664611,56.66281721457827,12.49279401873756
reasoning_chat,2,108,10.0,0.45,4.535640076158418,10.079200169240929,24,9,active-knee MILP,True,4.538804458557036,0.10394796480984186,56.92154797825211,12.541088407309013
reasoning_chat,2,108,10.0,0.45,4.535640076158418,10.079200169240929,24,9,live greedy,True,4.591534079090415,0.1828724612520741,66.15340095230303,14.407690286686938
reasoning_chat,2,108,10.0,0.45,4.535640076158418,10.079200169240929,24,9,random jobs,False,1.426749498944233,0.16996700666329645,nan,nan
reasoning_chat,2,108,30.0,0.45,4.535640076158418,10.079200169240929,24,9,additive LP,False,2.9670577439286943,0.1889630380833234,nan,nan
reasoning_chat,2,108,30.0,0.45,4.535640076158418,10.079200169240929,24,9,active-knee LP relaxation,True,4.535640076158419,0.1039256129664611,56.66281721457827,12.49279401873756
reasoning_chat,2,108,30.0,0.45,4.535640076158418,10.079200169240929,24,9,active-knee MILP,True,4.538804458557036,0.10394796480984186,56.92154797825211,12.541088407309013
reasoning_chat,2,108,30.0,0.45,4.535640076158418,10.079200169240929,24,9,live greedy,True,4.591534079090415,0.1828724612520741,66.15340095230303,14.407690286686938
reasoning_chat,2,108,30.0,0.45,4.535640076158418,10.079200169240929,24,9,random jobs,True,4.598603063484126,0.2004875761629278,156.18478423125222,33.963528070396016
reasoning_chat,2,108,120.0,0.45,4.535640076158418,10.079200169240929,24,9,additive LP,False,2.9670577439286943,0.1889630380833234,nan,nan
reasoning_chat,2,108,120.0,0.45,4.535640076158418,10.079200169240929,24,9,active-knee LP relaxation,True,4.535640076158419,0.1039256129664611,56.66281721457827,12.49279401873756
reasoning_chat,2,108,120.0,0.45,4.535640076158418,10.079200169240929,24,9,active-knee MILP,True,4.538804458557036,0.10394796480984186,56.92154797825211,12.541088407309013
reasoning_chat,2,108,120.0,0.45,4.535640076158418,10.079200169240929,24,9,live greedy,True,4.591534079090415,0.1828724612520741,66.15340095230303,14.407690286686938
reasoning_chat,2,108,120.0,0.45,4.535640076158418,10.079200169240929,24,9,random jobs,True,4.598603063484126,0.2004875761629278,212.28595526535628,46.16313961755988
reasoning_chat,2,108,10.0,0.65,6.551480110006604,10.079200169240929,24,9,additive LP,True,9.10634450649585,0.23232833307622963,120.51561082398099,13.234246819677567
reasoning_chat,2,108,10.0,0.65,6.551480110006604,10.079200169240929,24,9,active-knee LP relaxation,True,6.551480110006602,0.21428186407983738,73.70670407971704,11.250389658840431
reasoning_chat,2,108,10.0,0.65,6.551480110006604,10.079200169240929,24,9,active-knee MILP,True,6.559978025377921,0.2143418897181817,73.8606729650136,11.259286643838793
reasoning_chat,2,108,10.0,0.65,6.551480110006604,10.079200169240929,24,9,live greedy,False,6.4016891945382515,0.21322380514111033,nan,nan
reasoning_chat,2,108,10.0,0.65,6.551480110006604,10.079200169240929,24,9,random jobs,False,1.426749498944233,0.16996700666329645,nan,nan
reasoning_chat,2,108,30.0,0.65,6.551480110006604,10.079200169240929,24,9,additive LP,True,10.079200169240929,0.23920016924092746,188.2612508208007,18.678193473657224
reasoning_chat,2,108,30.0,0.65,6.551480110006604,10.079200169240929,24,9,active-knee LP relaxation,True,6.551480110006602,0.21428186407983738,73.70670407971704,11.250389658840431
reasoning_chat,2,108,30.0,0.65,6.551480110006604,10.079200169240929,24,9,active-knee MILP,True,6.559978025377921,0.2143418897181817,73.8606729650136,11.259286643838793
reasoning_chat,2,108,30.0,0.65,6.551480110006604,10.079200169240929,24,9,live greedy,True,6.5774652141913625,0.21446541173805464,115.03338045174173,17.48901388388171
reasoning_chat,2,108,30.0,0.65,6.551480110006604,10.079200169240929,24,9,random jobs,True,6.600910265547971,0.2146310175498571,194.5283821699532,29.469932834150494
reasoning_chat,2,108,120.0,0.65,6.551480110006604,10.079200169240929,24,9,additive LP,True,10.079200169240929,0.23920016924092746,188.2612508208007,18.678193473657224
reasoning_chat,2,108,120.0,0.65,6.551480110006604,10.079200169240929,24,9,active-knee LP relaxation,True,6.551480110006602,0.21428186407983738,73.70670407971704,11.250389658840431
reasoning_chat,2,108,120.0,0.65,6.551480110006604,10.079200169240929,24,9,active-knee MILP,True,6.559978025377921,0.2143418897181817,73.8606729650136,11.259286643838793
reasoning_chat,2,108,120.0,0.65,6.551480110006604,10.079200169240929,24,9,live greedy,True,6.5774652141913625,0.21446541173805464,115.03338045174173,17.48901388388171
reasoning_chat,2,108,120.0,0.65,6.551480110006604,10.079200169240929,24,9,random jobs,True,6.600910265547971,0.2146310175498571,250.62955320405723,37.9689380890639
reasoning_chat,4,216,10.0,0.25,5.05811535839074,20.23246143356296,48,19,additive LP,False,0.20976745637506064,0.20976745637505873,nan,nan
reasoning_chat,4,216,10.0,0.25,5.05811535839074,20.23246143356296,48,19,active-knee LP relaxation,True,5.058115358390751,0.21768168125873993,46.02999132280776,9.100225689089916
reasoning_chat,4,216,10.0,0.25,5.05811535839074,20.23246143356296,48,19,active-knee MILP,True,5.058675702146864,0.21768563928728965,46.131027774347736,9.119190572894418
reasoning_chat,4,216,10.0,0.25,5.05811535839074,20.23246143356296,48,19,live greedy,True,5.073561759512396,0.3858157840073342,85.77689096313912,16.906641730006825
reasoning_chat,4,216,10.0,0.25,5.05811535839074,20.23246143356296,48,19,random jobs,True,5.1128530887763475,0.4456629891497313,243.88153310909212,47.69969503807119
reasoning_chat,4,216,30.0,0.25,5.05811535839074,20.23246143356296,48,19,additive LP,False,0.20976745637506064,0.20976745637505873,nan,nan
reasoning_chat,4,216,30.0,0.25,5.05811535839074,20.23246143356296,48,19,active-knee LP relaxation,True,5.058115358390751,0.21768168125873993,46.02999132280776,9.100225689089916
reasoning_chat,4,216,30.0,0.25,5.05811535839074,20.23246143356296,48,19,active-knee MILP,True,5.058675702146864,0.21768563928728962,46.131027774347736,9.119190572894418
reasoning_chat,4,216,30.0,0.25,5.05811535839074,20.23246143356296,48,19,live greedy,True,5.073561759512396,0.3858157840073342,85.77689096313912,16.906641730006825
reasoning_chat,4,216,30.0,0.25,5.05811535839074,20.23246143356296,48,19,random jobs,True,5.203723201374533,0.44630485674628756,274.82426211617616,52.81300551181948
reasoning_chat,4,216,120.0,0.25,5.05811535839074,20.23246143356296,48,19,additive LP,False,0.20976745637506064,0.20976745637505873,nan,nan
reasoning_chat,4,216,120.0,0.25,5.05811535839074,20.23246143356296,48,19,active-knee LP relaxation,True,5.058115358390751,0.21768168125873993,46.02999132280776,9.100225689089916
reasoning_chat,4,216,120.0,0.25,5.05811535839074,20.23246143356296,48,19,active-knee MILP,True,5.058675702146864,0.21768563928728962,46.131027774347736,9.119190572894418
reasoning_chat,4,216,120.0,0.25,5.05811535839074,20.23246143356296,48,19,live greedy,True,5.073561759512396,0.3858157840073342,85.77689096313912,16.906641730006825
reasoning_chat,4,216,120.0,0.25,5.05811535839074,20.23246143356296,48,19,random jobs,True,5.203723201374533,0.44630485674628756,332.96707779588195,63.98631612610191
reasoning_chat,4,216,10.0,0.45,9.104607645103332,20.23246143356296,48,19,additive LP,False,0.37804491311562016,0.37804491311561805,nan,nan
reasoning_chat,4,216,10.0,0.45,9.104607645103332,20.23246143356296,48,19,active-knee LP relaxation,True,9.104607645103314,0.3744714518329454,82.89567890277633,9.104805185906027
reasoning_chat,4,216,10.0,0.45,9.104607645103332,20.23246143356296,48,19,active-knee MILP,True,9.107669624709404,0.3744930803468128,82.96805631924227,9.109691033823541
reasoning_chat,4,216,10.0,0.45,9.104607645103332,20.23246143356296,48,19,live greedy,True,9.113771650106566,0.43660322822372016,129.98538841030492,14.262524166795975
reasoning_chat,4,216,10.0,0.45,9.104607645103332,20.23246143356296,48,19,random jobs,False,5.950198306593875,0.4515776375096936,nan,nan
reasoning_chat,4,216,30.0,0.45,9.104607645103332,20.23246143356296,48,19,additive LP,False,0.37804491311562016,0.37804491311561805,nan,nan
reasoning_chat,4,216,30.0,0.45,9.104607645103332,20.23246143356296,48,19,active-knee LP relaxation,True,9.104607645103314,0.3744714518329454,82.89567890277633,9.104805185906027
reasoning_chat,4,216,30.0,0.45,9.104607645103332,20.23246143356296,48,19,active-knee MILP,True,9.107669624709409,0.3744930803468128,82.96805631924227,9.109691033823536
reasoning_chat,4,216,30.0,0.45,9.104607645103332,20.23246143356296,48,19,live greedy,True,9.113771650106566,0.43660322822372016,129.98538841030492,14.262524166795975
reasoning_chat,4,216,30.0,0.45,9.104607645103332,20.23246143356296,48,19,random jobs,True,10.980062895130432,0.4871064489322525,291.7449206149666,26.570423448517136
reasoning_chat,4,216,120.0,0.45,9.104607645103332,20.23246143356296,48,19,additive LP,False,0.37804491311562016,0.37804491311561805,nan,nan
reasoning_chat,4,216,120.0,0.45,9.104607645103332,20.23246143356296,48,19,active-knee LP relaxation,True,9.104607645103314,0.3744714518329454,82.89567890277633,9.104805185906027
reasoning_chat,4,216,120.0,0.45,9.104607645103332,20.23246143356296,48,19,active-knee MILP,True,9.107669624709409,0.3744930803468128,82.96805631924227,9.109691033823536
reasoning_chat,4,216,120.0,0.45,9.104607645103332,20.23246143356296,48,19,live greedy,True,9.113771650106566,0.43660322822372016,129.98538841030492,14.262524166795975
reasoning_chat,4,216,120.0,0.45,9.104607645103332,20.23246143356296,48,19,random jobs,True,10.980062895130432,0.4871064489322525,349.88773629467244,31.86573152052205
reasoning_chat,4,216,10.0,0.65,13.151099931815924,20.23246143356296,48,19,additive LP,True,19.408258435238423,0.5466396162185855,245.51559506885832,12.650058009485809
reasoning_chat,4,216,10.0,0.65,13.151099931815924,20.23246143356296,48,19,active-knee LP relaxation,True,13.151099931815898,0.5024417256797785,131.99734724991902,10.036981540272798
reasoning_chat,4,216,10.0,0.65,13.151099931815924,20.23246143356296,48,19,active-knee MILP,True,13.15263005503916,0.5024525338155633,132.09438863705182,10.043191976379095
reasoning_chat,4,216,10.0,0.65,13.151099931815924,20.23246143356296,48,19,live greedy,True,13.25209694061481,0.48745909604322046,191.48420779991207,14.449351574923542
reasoning_chat,4,216,10.0,0.65,13.151099931815924,20.23246143356296,48,19,random jobs,False,5.950198306593875,0.4515776375096936,nan,nan
reasoning_chat,4,216,30.0,0.65,13.151099931815924,20.23246143356296,48,19,additive LP,True,19.913113710891345,0.550205697883137,269.32837756518256,13.525176498031808
reasoning_chat,4,216,30.0,0.65,13.151099931815924,20.23246143356296,48,19,active-knee LP relaxation,True,13.151099931815898,0.5024417256797785,131.99734724991902,10.036981540272798
reasoning_chat,4,216,30.0,0.65,13.151099931815924,20.23246143356296,48,19,active-knee MILP,True,13.15263005503916,0.5024525338155633,132.09438863705182,10.043191976379095
reasoning_chat,4,216,30.0,0.65,13.151099931815924,20.23246143356296,48,19,live greedy,True,13.25209694061481,0.48745909604322046,191.48420779991207,14.449351574923542
reasoning_chat,4,216,30.0,0.65,13.151099931815924,20.23246143356296,48,19,random jobs,True,13.65197198917334,0.5059796715945133,309.2506566838051,22.652453208155972
reasoning_chat,4,216,120.0,0.65,13.151099931815924,20.23246143356296,48,19,additive LP,True,19.913113710891345,0.550205697883137,269.32837756518256,13.525176498031808
reasoning_chat,4,216,120.0,0.65,13.151099931815924,20.23246143356296,48,19,active-knee LP relaxation,True,13.151099931815898,0.5024417256797785,131.99734724991902,10.036981540272798
reasoning_chat,4,216,120.0,0.65,13.151099931815924,20.23246143356296,48,19,active-knee MILP,True,13.15263005503916,0.5024525338155633,132.09438863705182,10.043191976379095
reasoning_chat,4,216,120.0,0.65,13.151099931815924,20.23246143356296,48,19,live greedy,True,13.25209694061481,0.48745909604322046,191.48420779991207,14.449351574923542
reasoning_chat,4,216,120.0,0.65,13.151099931815924,20.23246143356296,48,19,random jobs,True,13.65197198917334,0.5059796715945133,367.3934723635109,26.9113848647559
agentic_tool_loop,1,18,10.0,0.25,1.3056228351607733,5.222491340643093,12,4,additive LP,False,0.06431101970040436,0.06431101970040462,nan,nan
agentic_tool_loop,1,18,10.0,0.25,1.3056228351607733,5.222491340643093,12,4,active-knee LP relaxation,True,1.305622835160775,0.27482425735512594,33.76772694134339,25.86330909047345
agentic_tool_loop,1,18,10.0,0.25,1.3056228351607733,5.222491340643093,12,4,active-knee MILP,True,1.4579111437466818,0.27589995681032403,34.981532280298865,23.9942827999791
agentic_tool_loop,1,18,10.0,0.25,1.3056228351607733,5.222491340643093,12,4,live greedy,True,1.4579111437466818,0.27589995681032403,34.981532280298865,23.9942827999791
agentic_tool_loop,1,18,10.0,0.25,1.3056228351607733,5.222491340643093,12,4,random jobs,True,2.299778561705809,0.28184654805726034,50.2486209336095,21.84933009217145
agentic_tool_loop,1,18,30.0,0.25,1.3056228351607733,5.222491340643093,12,4,additive LP,False,0.06431101970040436,0.06431101970040462,nan,nan
agentic_tool_loop,1,18,30.0,0.25,1.3056228351607733,5.222491340643093,12,4,active-knee LP relaxation,True,1.305622835160775,0.27482425735512594,33.76772694134339,25.86330909047345
agentic_tool_loop,1,18,30.0,0.25,1.3056228351607733,5.222491340643093,12,4,active-knee MILP,True,1.4579111437466818,0.27589995681032403,34.981532280298865,23.9942827999791
agentic_tool_loop,1,18,30.0,0.25,1.3056228351607733,5.222491340643093,12,4,live greedy,True,1.4121158280914825,0.2755764782940916,49.74406473335564,35.2266179188617
agentic_tool_loop,1,18,30.0,0.25,1.3056228351607733,5.222491340643093,12,4,random jobs,True,2.8735639346152264,0.2858995224370443,89.34981956241293,31.093729457728937
agentic_tool_loop,1,18,120.0,0.25,1.3056228351607733,5.222491340643093,12,4,additive LP,False,0.06431101970040436,0.06431101970040462,nan,nan
agentic_tool_loop,1,18,120.0,0.25,1.3056228351607733,5.222491340643093,12,4,active-knee LP relaxation,True,1.305622835160775,0.27482425735512594,33.76772694134339,25.86330909047345
agentic_tool_loop,1,18,120.0,0.25,1.3056228351607733,5.222491340643093,12,4,active-knee MILP,True,1.4579111437466818,0.27589995681032403,34.981532280298865,23.9942827999791
agentic_tool_loop,1,18,120.0,0.25,1.3056228351607733,5.222491340643093,12,4,live greedy,True,1.4121158280914825,0.2755764782940916,49.74406473335564,35.2266179188617
agentic_tool_loop,1,18,120.0,0.25,1.3056228351607733,5.222491340643093,12,4,random jobs,True,2.8735639346152264,0.2858995224370443,123.51239793830982,42.982303769360286
agentic_tool_loop,1,18,10.0,0.45,2.3501211032893923,5.222491340643093,12,4,additive LP,False,0.11832819754500998,0.11832819754500971,nan,nan
agentic_tool_loop,1,18,10.0,0.45,2.3501211032893923,5.222491340643093,12,4,active-knee LP relaxation,False,2.299778561705809,0.28184654805726034,nan,nan
agentic_tool_loop,1,18,10.0,0.45,2.3501211032893923,5.222491340643093,12,4,active-knee MILP,False,2.299778561705809,0.28184654805726034,nan,nan
agentic_tool_loop,1,18,10.0,0.45,2.3501211032893923,5.222491340643093,12,4,live greedy,False,2.299778561705809,0.28184654805726034,nan,nan
agentic_tool_loop,1,18,10.0,0.45,2.3501211032893923,5.222491340643093,12,4,random jobs,False,2.299778561705809,0.28184654805726034,nan,nan
agentic_tool_loop,1,18,30.0,0.45,2.3501211032893923,5.222491340643093,12,4,additive LP,False,0.11832819754500998,0.11832819754500971,nan,nan
agentic_tool_loop,1,18,30.0,0.45,2.3501211032893923,5.222491340643093,12,4,active-knee LP relaxation,True,2.3501211032893954,0.28220214623191736,43.34920289613343,18.44551875878176
agentic_tool_loop,1,18,30.0,0.45,2.3501211032893923,5.222491340643093,12,4,active-knee MILP,True,2.4798411535702827,0.28311843316629304,52.666904984109124,21.23801555123134
agentic_tool_loop,1,18,30.0,0.45,2.3501211032893923,5.222491340643093,12,4,live greedy,True,2.4798411535702827,0.28311843316629304,52.666904984109124,21.23801555123134
agentic_tool_loop,1,18,30.0,0.45,2.3501211032893923,5.222491340643093,12,4,random jobs,True,2.8735639346152264,0.2858995224370443,89.34981956241293,31.093729457728937
agentic_tool_loop,1,18,120.0,0.45,2.3501211032893923,5.222491340643093,12,4,additive LP,False,0.11832819754500998,0.11832819754500971,nan,nan
agentic_tool_loop,1,18,120.0,0.45,2.3501211032893923,5.222491340643093,12,4,active-knee LP relaxation,True,2.3501211032893954,0.28220214623191736,43.34920289613343,18.44551875878176
agentic_tool_loop,1,18,120.0,0.45,2.3501211032893923,5.222491340643093,12,4,active-knee MILP,True,2.4798411535702827,0.28311843316629304,52.666904984109124,21.23801555123134
agentic_tool_loop,1,18,120.0,0.45,2.3501211032893923,5.222491340643093,12,4,live greedy,True,2.4798411535702827,0.28311843316629304,52.666904984109124,21.23801555123134
agentic_tool_loop,1,18,120.0,0.45,2.3501211032893923,5.222491340643093,12,4,random jobs,True,2.8735639346152264,0.2858995224370443,123.51239793830982,42.982303769360286
agentic_tool_loop,1,18,10.0,0.65,3.3946193714180106,5.222491340643093,12,4,additive LP,False,0.18415062839914026,0.18415062839914023,nan,nan
agentic_tool_loop,1,18,10.0,0.65,3.3946193714180106,5.222491340643093,12,4,active-knee LP relaxation,False,2.299778561705809,0.28184654805726034,nan,nan
agentic_tool_loop,1,18,10.0,0.65,3.3946193714180106,5.222491340643093,12,4,active-knee MILP,False,2.299778561705809,0.28184654805726034,nan,nan
agentic_tool_loop,1,18,10.0,0.65,3.3946193714180106,5.222491340643093,12,4,live greedy,False,2.299778561705809,0.28184654805726034,nan,nan
agentic_tool_loop,1,18,10.0,0.65,3.3946193714180106,5.222491340643093,12,4,random jobs,False,2.299778561705809,0.28184654805726034,nan,nan
agentic_tool_loop,1,18,30.0,0.65,3.3946193714180106,5.222491340643093,12,4,additive LP,False,0.18415062839914026,0.18415062839914023,nan,nan
agentic_tool_loop,1,18,30.0,0.65,3.3946193714180106,5.222491340643093,12,4,active-knee LP relaxation,True,3.3946193714180173,0.28958003510870883,53.14512298537956,15.655694253338192
agentic_tool_loop,1,18,30.0,0.65,3.3946193714180106,5.222491340643093,12,4,active-knee MILP,True,3.503913442825375,0.2903520416675903,58.448407202615655,16.680893565534507
agentic_tool_loop,1,18,30.0,0.65,3.3946193714180106,5.222491340643093,12,4,live greedy,True,3.9108636341958145,0.2932265637055248,58.648256763098665,14.996241814797623
agentic_tool_loop,1,18,30.0,0.65,3.3946193714180106,5.222491340643093,12,4,random jobs,True,5.222491340643093,0.30249134064309385,89.8763710139256,17.209482055906733
agentic_tool_loop,1,18,120.0,0.65,3.3946193714180106,5.222491340643093,12,4,additive LP,False,0.18415062839914026,0.18415062839914023,nan,nan
agentic_tool_loop,1,18,120.0,0.65,3.3946193714180106,5.222491340643093,12,4,active-knee LP relaxation,True,3.3946193714180173,0.28958003510870883,53.14512298537956,15.655694253338192
agentic_tool_loop,1,18,120.0,0.65,3.3946193714180106,5.222491340643093,12,4,active-knee MILP,True,3.503913442825375,0.2903520416675903,58.448407202615655,16.680893565534507
agentic_tool_loop,1,18,120.0,0.65,3.3946193714180106,5.222491340643093,12,4,live greedy,True,3.9108636341958145,0.2932265637055248,58.648256763098665,14.996241814797623
agentic_tool_loop,1,18,120.0,0.65,3.3946193714180106,5.222491340643093,12,4,random jobs,True,5.222491340643093,0.30249134064309385,124.03894938982249,23.75091528146956
agentic_tool_loop,2,37,10.0,0.25,2.6282674149831746,10.513069659932698,24,9,additive LP,False,0.11334587933826878,0.11334587933826835,nan,nan
agentic_tool_loop,2,37,10.0,0.25,2.6282674149831746,10.513069659932698,24,9,active-knee LP relaxation,False,1.2045804964632572,0.556464754095264,nan,nan
agentic_tool_loop,2,37,10.0,0.25,2.6282674149831746,10.513069659932698,24,9,active-knee MILP,False,1.2045804964632572,0.556464754095264,nan,nan
agentic_tool_loop,2,37,10.0,0.25,2.6282674149831746,10.513069659932698,24,9,live greedy,False,1.2045804964632572,0.556464754095264,nan,nan
agentic_tool_loop,2,37,10.0,0.25,2.6282674149831746,10.513069659932698,24,9,random jobs,False,1.2045804964632572,0.556464754095264,nan,nan
agentic_tool_loop,2,37,30.0,0.25,2.6282674149831746,10.513069659932698,24,9,additive LP,False,0.11334587933826878,0.11334587933826835,nan,nan
agentic_tool_loop,2,37,30.0,0.25,2.6282674149831746,10.513069659932698,24,9,active-knee LP relaxation,True,2.6282674149831693,0.4146694268886211,107.84300673464801,41.0319764723555
agentic_tool_loop,2,37,30.0,0.25,2.6282674149831746,10.513069659932698,24,9,active-knee MILP,True,2.7054629188895998,0.415214702900069,108.91644018740378,40.25796821200057
agentic_tool_loop,2,37,30.0,0.25,2.6282674149831746,10.513069659932698,24,9,live greedy,True,4.178037825774219,0.604320045581263,153.8793790224376,36.830537548788875
agentic_tool_loop,2,37,30.0,0.25,2.6282674149831746,10.513069659932698,24,9,random jobs,True,2.756844830181105,0.6033692185575503,251.37662599593105,91.18272571743452
agentic_tool_loop,2,37,120.0,0.25,2.6282674149831746,10.513069659932698,24,9,additive LP,False,0.11334587933826878,0.11334587933826835,nan,nan
agentic_tool_loop,2,37,120.0,0.25,2.6282674149831746,10.513069659932698,24,9,active-knee LP relaxation,True,2.628267414983178,0.2212703200170696,86.27096921807137,32.8242737882224
agentic_tool_loop,2,37,120.0,0.25,2.6282674149831746,10.513069659932698,24,9,active-knee MILP,True,3.1259058415537373,0.22478542494743683,105.95777564704366,33.89666260528729
agentic_tool_loop,2,37,120.0,0.25,2.6282674149831746,10.513069659932698,24,9,live greedy,True,4.178037825774219,0.604320045581263,153.87489098885527,36.829463352295335
agentic_tool_loop,2,37,120.0,0.25,2.6282674149831746,10.513069659932698,24,9,random jobs,True,4.502609256727927,0.6306143392238853,400.20009158171933,88.8818169117671
agentic_tool_loop,2,37,10.0,0.45,4.730881346969714,10.513069659932698,24,9,additive LP,False,0.2173576702730843,0.21735767027308486,nan,nan
agentic_tool_loop,2,37,10.0,0.45,4.730881346969714,10.513069659932698,24,9,active-knee LP relaxation,False,1.2045804964632572,0.556464754095264,nan,nan
agentic_tool_loop,2,37,10.0,0.45,4.730881346969714,10.513069659932698,24,9,active-knee MILP,False,1.2045804964632572,0.556464754095264,nan,nan
agentic_tool_loop,2,37,10.0,0.45,4.730881346969714,10.513069659932698,24,9,live greedy,False,1.2045804964632572,0.556464754095264,nan,nan
agentic_tool_loop,2,37,10.0,0.45,4.730881346969714,10.513069659932698,24,9,random jobs,False,1.2045804964632572,0.556464754095264,nan,nan
agentic_tool_loop,2,37,30.0,0.45,4.730881346969714,10.513069659932698,24,9,additive LP,False,0.2173576702730843,0.21735767027308486,nan,nan
agentic_tool_loop,2,37,30.0,0.45,4.730881346969714,10.513069659932698,24,9,active-knee LP relaxation,True,4.730881346969709,0.472216488060679,128.35535326413358,27.131382896835824
agentic_tool_loop,2,37,30.0,0.45,4.730881346969714,10.513069659932698,24,9,active-knee MILP,True,4.732467507334571,0.4738026484255422,128.5280069521254,27.15877219503936
agentic_tool_loop,2,37,30.0,0.45,4.730881346969714,10.513069659932698,24,9,live greedy,True,4.867857495497418,0.6091926365883895,160.56030908898916,32.98377350559282
agentic_tool_loop,2,37,30.0,0.45,4.730881346969714,10.513069659932698,24,9,random jobs,True,4.877010017233855,0.6183451583248251,270.842490338788,55.53453640277832
agentic_tool_loop,2,37,120.0,0.45,4.730881346969714,10.513069659932698,24,9,additive LP,False,0.2173576702730843,0.21735767027308486,nan,nan
agentic_tool_loop,2,37,120.0,0.45,4.730881346969714,10.513069659932698,24,9,active-knee LP relaxation,True,4.730881346969713,0.47221648806068267,128.35086523055134,27.130434229293098
agentic_tool_loop,2,37,120.0,0.45,4.730881346969714,10.513069659932698,24,9,active-knee MILP,True,4.732467507334571,0.4738026484255422,128.52351891854306,27.15782384545738
agentic_tool_loop,2,37,120.0,0.45,4.730881346969714,10.513069659932698,24,9,live greedy,True,4.867857495497418,0.6091926365883895,160.55582105540682,32.9828515325099
agentic_tool_loop,2,37,120.0,0.45,4.730881346969714,10.513069659932698,24,9,random jobs,True,6.622774443780676,0.6455902789911602,419.66595592457634,63.367091766001
agentic_tool_loop,2,37,10.0,0.65,6.833495278956254,10.513069659932698,24,9,additive LP,False,0.3418578904437836,0.3418578904437827,nan,nan
agentic_tool_loop,2,37,10.0,0.65,6.833495278956254,10.513069659932698,24,9,active-knee LP relaxation,False,1.2045804964632572,0.556464754095264,nan,nan
agentic_tool_loop,2,37,10.0,0.65,6.833495278956254,10.513069659932698,24,9,active-knee MILP,False,1.2045804964632572,0.556464754095264,nan,nan
agentic_tool_loop,2,37,10.0,0.65,6.833495278956254,10.513069659932698,24,9,live greedy,False,1.2045804964632572,0.556464754095264,nan,nan
agentic_tool_loop,2,37,10.0,0.65,6.833495278956254,10.513069659932698,24,9,random jobs,False,1.2045804964632572,0.556464754095264,nan,nan
agentic_tool_loop,2,37,30.0,0.65,6.833495278956254,10.513069659932698,24,9,additive LP,False,0.3418578904437836,0.3418578904437827,nan,nan
agentic_tool_loop,2,37,30.0,0.65,6.833495278956254,10.513069659932698,24,9,active-knee LP relaxation,False,6.655939005598698,0.6458245392663631,nan,nan
agentic_tool_loop,2,37,30.0,0.65,6.833495278956254,10.513069659932698,24,9,active-knee MILP,False,6.655939005598698,0.6458245392663631,nan,nan
agentic_tool_loop,2,37,30.0,0.65,6.833495278956254,10.513069659932698,24,9,live greedy,False,6.655939005598698,0.6458245392663631,nan,nan
agentic_tool_loop,2,37,30.0,0.65,6.833495278956254,10.513069659932698,24,9,random jobs,False,6.655939005598698,0.6458245392663631,nan,nan
agentic_tool_loop,2,37,120.0,0.65,6.833495278956254,10.513069659932698,24,9,additive LP,False,0.3418578904437836,0.3418578904437827,nan,nan
agentic_tool_loop,2,37,120.0,0.65,6.833495278956254,10.513069659932698,24,9,active-knee LP relaxation,True,6.833495278956241,0.6470787208137928,205.8029659783077,30.116793467623843
agentic_tool_loop,2,37,120.0,0.65,6.833495278956254,10.513069659932698,24,9,active-knee MILP,True,8.734098635120285,0.660503769747343,237.66897023302187,27.21161967158718
agentic_tool_loop,2,37,120.0,0.65,6.833495278956254,10.513069659932698,24,9,live greedy,True,9.400138396117391,0.665208389653478,306.9995926408172,32.659050293091376
agentic_tool_loop,2,37,120.0,0.65,6.833495278956254,10.513069659932698,24,9,random jobs,True,9.199349744147435,0.6637901045235186,422.8439868727223,45.96455169472525
agentic_tool_loop,4,74,10.0,0.25,5.118264893263655,20.47305957305462,48,19,additive LP,False,0.22733998487429743,0.22733998487429707,nan,nan
agentic_tool_loop,4,74,10.0,0.25,5.118264893263655,20.47305957305462,48,19,active-knee LP relaxation,False,2.636344005526451,0.5957344798942119,nan,nan
agentic_tool_loop,4,74,10.0,0.25,5.118264893263655,20.47305957305462,48,19,active-knee MILP,False,2.636344005526451,0.5957344798942119,nan,nan
agentic_tool_loop,4,74,10.0,0.25,5.118264893263655,20.47305957305462,48,19,live greedy,False,2.636344005526451,0.5957344798942119,nan,nan
agentic_tool_loop,4,74,10.0,0.25,5.118264893263655,20.47305957305462,48,19,random jobs,False,2.636344005526451,0.5957344798942119,nan,nan
agentic_tool_loop,4,74,30.0,0.25,5.118264893263655,20.47305957305462,48,19,additive LP,False,0.22733998487429743,0.22733998487429707,nan,nan
agentic_tool_loop,4,74,30.0,0.25,5.118264893263655,20.47305957305462,48,19,active-knee LP relaxation,True,5.118264893263646,0.36229716424813135,154.0134956861031,30.09095834191905
agentic_tool_loop,4,74,30.0,0.25,5.118264893263655,20.47305957305462,48,19,active-knee MILP,True,5.134201012998849,0.35421400838615374,162.63365485387465,31.676526579718296
agentic_tool_loop,4,74,30.0,0.25,5.118264893263655,20.47305957305462,48,19,live greedy,True,6.78256807834477,0.6154699593820305,241.0916539395393,35.54577722696087
agentic_tool_loop,4,74,30.0,0.25,5.118264893263655,20.47305957305462,48,19,random jobs,True,5.781275612161355,0.6496555648489214,384.3614572913021,66.48384942637372
agentic_tool_loop,4,74,120.0,0.25,5.118264893263655,20.47305957305462,48,19,additive LP,False,0.22733998487429743,0.22733998487429707,nan,nan
agentic_tool_loop,4,74,120.0,0.25,5.118264893263655,20.47305957305462,48,19,active-knee LP relaxation,True,5.118264893263673,0.380982738768019,138.78723085553546,27.116070338250406
agentic_tool_loop,4,74,120.0,0.25,5.118264893263655,20.47305957305462,48,19,active-knee MILP,True,5.121137725118528,0.38100303122309875,139.4994276360859,27.23992892279756
agentic_tool_loop,4,74,120.0,0.25,5.118264893263655,20.47305957305462,48,19,live greedy,True,5.122909510998215,0.5122903366687849,170.03404865285032,33.19091393041581
agentic_tool_loop,4,74,120.0,0.25,5.118264893263655,20.47305957305462,48,19,random jobs,True,6.279580860320839,0.679505017915041,520.3746774075613,82.86774053594624
agentic_tool_loop,4,74,10.0,0.45,9.21287680787458,20.47305957305462,48,19,additive LP,False,0.42987761847212097,0.4298776184721219,nan,nan
agentic_tool_loop,4,74,10.0,0.45,9.21287680787458,20.47305957305462,48,19,active-knee LP relaxation,False,2.636344005526451,0.5957344798942119,nan,nan
agentic_tool_loop,4,74,10.0,0.45,9.21287680787458,20.47305957305462,48,19,active-knee MILP,False,2.636344005526451,0.5957344798942119,nan,nan
agentic_tool_loop,4,74,10.0,0.45,9.21287680787458,20.47305957305462,48,19,live greedy,False,2.636344005526451,0.5957344798942119,nan,nan
agentic_tool_loop,4,74,10.0,0.45,9.21287680787458,20.47305957305462,48,19,random jobs,False,2.636344005526451,0.5957344798942119,nan,nan
agentic_tool_loop,4,74,30.0,0.45,9.21287680787458,20.47305957305462,48,19,additive LP,False,0.42987761847212097,0.4298776184721219,nan,nan
agentic_tool_loop,4,74,30.0,0.45,9.21287680787458,20.47305957305462,48,19,active-knee LP relaxation,False,8.999563791120643,0.6875298187578286,nan,nan
agentic_tool_loop,4,74,30.0,0.45,9.21287680787458,20.47305957305462,48,19,active-knee MILP,False,8.999563791120643,0.6875298187578286,nan,nan
agentic_tool_loop,4,74,30.0,0.45,9.21287680787458,20.47305957305462,48,19,live greedy,False,8.999563791120643,0.6875298187578286,nan,nan
agentic_tool_loop,4,74,30.0,0.45,9.21287680787458,20.47305957305462,48,19,random jobs,False,8.999563791120643,0.6875298187578286,nan,nan
agentic_tool_loop,4,74,120.0,0.45,9.21287680787458,20.47305957305462,48,19,additive LP,False,0.42987761847212097,0.4298776184721219,nan,nan
agentic_tool_loop,4,74,120.0,0.45,9.21287680787458,20.47305957305462,48,19,active-knee LP relaxation,True,9.212876807874602,0.5518894801053617,258.10258140317274,28.015416550730656
agentic_tool_loop,4,74,120.0,0.45,9.21287680787458,20.47305957305462,48,19,active-knee MILP,True,9.213782661439415,0.46598511959735817,268.94560732737887,29.18948896558442
agentic_tool_loop,4,74,120.0,0.45,9.21287680787458,20.47305957305462,48,19,live greedy,True,10.325662234352892,0.5980730352702807,498.6415367798907,48.29148246985444
agentic_tool_loop,4,74,120.0,0.45,9.21287680787458,20.47305957305462,48,19,random jobs,True,12.324483869153257,0.7355015206557212,582.1983108732045,47.239163688661954
agentic_tool_loop,4,74,10.0,0.65,13.307488722485504,20.47305957305462,48,19,additive LP,False,2.636344005526451,0.5957344798942119,nan,nan
agentic_tool_loop,4,74,10.0,0.65,13.307488722485504,20.47305957305462,48,19,active-knee LP relaxation,False,2.636344005526451,0.5957344798942119,nan,nan
agentic_tool_loop,4,74,10.0,0.65,13.307488722485504,20.47305957305462,48,19,active-knee MILP,False,2.636344005526451,0.5957344798942119,nan,nan
agentic_tool_loop,4,74,10.0,0.65,13.307488722485504,20.47305957305462,48,19,live greedy,False,2.636344005526451,0.5957344798942119,nan,nan
agentic_tool_loop,4,74,10.0,0.65,13.307488722485504,20.47305957305462,48,19,random jobs,False,2.636344005526451,0.5957344798942119,nan,nan
agentic_tool_loop,4,74,30.0,0.65,13.307488722485504,20.47305957305462,48,19,additive LP,False,8.999563791120643,0.6875298187578286,nan,nan
agentic_tool_loop,4,74,30.0,0.65,13.307488722485504,20.47305957305462,48,19,active-knee LP relaxation,False,8.999563791120643,0.6875298187578286,nan,nan
agentic_tool_loop,4,74,30.0,0.65,13.307488722485504,20.47305957305462,48,19,active-knee MILP,False,8.999563791120643,0.6875298187578286,nan,nan
agentic_tool_loop,4,74,30.0,0.65,13.307488722485504,20.47305957305462,48,19,live greedy,False,8.999563791120643,0.6875298187578286,nan,nan
agentic_tool_loop,4,74,30.0,0.65,13.307488722485504,20.47305957305462,48,19,random jobs,False,8.999563791120643,0.6875298187578286,nan,nan
agentic_tool_loop,4,74,120.0,0.65,13.307488722485504,20.47305957305462,48,19,additive LP,False,11.865703277978112,0.7322608908492368,nan,nan
agentic_tool_loop,4,74,120.0,0.65,13.307488722485504,20.47305957305462,48,19,active-knee LP relaxation,True,13.307488722485525,0.5933779243116859,389.79718065056,29.29156573260316
agentic_tool_loop,4,74,120.0,0.65,13.307488722485504,20.47305957305462,48,19,active-knee MILP,True,13.31058137089592,0.7424668915055683,418.3662794190808,31.431104905293935
agentic_tool_loop,4,74,120.0,0.65,13.307488722485504,20.47305957305462,48,19,live greedy,True,14.254950583875264,0.7143224505218388,652.7514281068816,45.79120946552089
agentic_tool_loop,4,74,120.0,0.65,13.307488722485504,20.47305957305462,48,19,random jobs,True,13.41529550315535,0.743206547333839,605.8331255971286,45.159879292605474
